id,file,stations,products,vehicles_available,coordinate_strategy,with_solver_status,without_solver_status,with_distance,without_distance,with_changeover_cost,ignored_changeover_cost,with_changes,ignored_changes,with_vehicles,without_vehicles,with_runtime,without_runtime,cost_aware_total,ignored_total,distance_increase,changeover_saving,net_saving,net_saving_percent,change_reduction
002,MPVRP_002_s3_d6_p3.dat,3,3,8,corridor,OPTIMAL,OPTIMAL,1587.48,1428.36,23761.0,39241.0,10.0,15.0,8.0,8.0,104.77,53.241,25348.48,40669.36,159.12000000000012,15480.0,15320.880000000001,37.67180009717389,5.0
003,MPVRP_003_s37_d2_p2.dat,37,2,6,clustered,TIME_LIMIT,TIME_LIMIT,13321.59,13759.25,65952.0,71577.0,32.0,35.0,6.0,6.0,254.473,255.704,79273.59,85336.25,-437.65999999999985,5625.0,6062.6600000000035,7.1044368600682635,3.0
004,MPVRP_004_s14_d3_p4.dat,14,4,4,clustered,TIME_LIMIT,TIME_LIMIT,1894.57,1778.76,12833.0,51519.0,5.0,11.0,3.0,3.0,250.569,250.37,14727.57,53297.76,115.80999999999995,38686.0,38570.19,72.36737528931798,6.0
005,MPVRP_005_s36_d1_p3.dat,36,3,4,corridor,TIME_LIMIT,TIME_LIMIT,4217.18,4334.77,53998.0,41944.0,21.0,17.0,4.0,4.0,254.641,252.006,58215.18,46278.770000000004,-117.59000000000015,-12054.0,-11936.409999999996,-25.792409780985956,-4.0
006,MPVRP_006_s29_d7_p5.dat,29,5,8,corridor,TIME_LIMIT,TIME_LIMIT,13107.54,14255.24,69169.0,60551.0,36.0,32.0,8.0,8.0,254.295,252.752,82276.54000000001,74806.24,-1147.699999999999,-8618.0,-7470.300000000003,-9.986199012274914,-4.0
007,MPVRP_007_s29_d7_p3.dat,29,3,8,uniform,TIME_LIMIT,TIME_LIMIT,14286.65,15535.85,251031.0,252352.0,45.0,45.0,8.0,8.0,258.932,253.581,265317.65,267887.85,-1249.2000000000007,1321.0,2570.1999999999534,0.9594313441240256,0.0
008,MPVRP_008_s23_d7_p5.dat,23,5,5,uniform,TIME_LIMIT,TIME_LIMIT,12142.17,13718.75,339614.0,303992.0,34.0,30.0,5.0,5.0,253.688,251.311,351756.17,317710.75,-1576.58,-35622.0,-34045.419999999984,-10.715853964651805,-4.0
009,MPVRP_009_s11_d6_p3.dat,11,3,5,corridor,TIME_LIMIT,TIME_LIMIT,1601.3,1620.66,13647.0,27614.0,7.0,13.0,5.0,5.0,251.162,250.185,15248.3,29234.66,-19.360000000000127,13967.0,13986.36,47.84170570138322,6.0
010,MPVRP_010_s38_d6_p2.dat,38,2,1,corridor,TIME_LIMIT,TIME_LIMIT,5667.11,2484.92,37198.0,21740.0,16.0,9.0,1.0,1.0,252.879,251.798,42865.11,24224.92,3182.1899999999996,-15458.0,-18640.190000000002,-76.94634285685981,-7.0
012,MPVRP_012_s29_d2_p5.dat,29,5,6,clustered,TIME_LIMIT,TIME_LIMIT,15257.15,16359.61,380970.0,355031.0,41.0,38.0,6.0,6.0,252.718,252.279,396227.15,371390.61,-1102.460000000001,-25939.0,-24836.540000000037,-6.687444251754248,-3.0
013,MPVRP_013_s7_d2_p2.dat,7,2,5,uniform,TIME_LIMIT,OPTIMAL,1332.68,1326.48,22308.0,27482.0,4.0,5.0,5.0,5.0,250.266,190.89,23640.68,28808.48,6.2000000000000455,5174.0,5167.799999999999,17.93846811772089,1.0
015,MPVRP_015_s20_d7_p2.dat,20,2,10,uniform,TIME_LIMIT,TIME_LIMIT,1368.76,1322.03,812.0,46536.0,0.0,4.0,6.0,5.0,250.695,250.818,2180.76,47858.03,46.73000000000002,45724.0,45677.27,95.44327252918684,4.0
016,MPVRP_016_s10_d1_p2.dat,10,2,7,clustered,TIME_LIMIT,TIME_LIMIT,2483.0,2443.82,5435.0,79768.0,1.0,12.0,6.0,5.0,250.344,250.315,7918.0,82211.82,39.179999999999836,74333.0,74293.82,90.36878152071077,11.0
018,MPVRP_018_s34_d6_p4.dat,34,4,6,corridor,TIME_LIMIT,TIME_LIMIT,14781.05,15931.25,261355.0,189679.0,34.0,31.0,6.0,6.0,253.856,252.052,276136.05,205610.25,-1150.2000000000007,-71676.0,-70525.79999999999,-34.300721875490154,-3.0
020,MPVRP_020_s9_d6_p4.dat,9,4,1,uniform,TIME_LIMIT,TIME_LIMIT,2355.52,2278.3,66354.0,340822.0,6.0,29.0,1.0,1.0,250.485,250.644,68709.52,343100.3,77.2199999999998,274468.0,274390.77999999997,79.97392599190381,23.0
021,MPVRP_021_s12_d3_p4.dat,12,4,10,uniform,TIME_LIMIT,TIME_LIMIT,4798.36,5256.16,233395.0,212872.0,32.0,33.0,10.0,10.0,250.822,250.712,238193.36,218128.16,-457.8000000000002,-20523.0,-20065.199999999983,-9.198812294570303,1.0
022,MPVRP_022_s19_d7_p3.dat,19,3,6,corridor,TIME_LIMIT,TIME_LIMIT,1747.28,1794.85,10993.0,22576.0,6.0,11.0,4.0,6.0,250.82,250.795,12740.28,24370.85,-47.569999999999936,11583.0,11630.569999999998,47.7232841694073,5.0
023,MPVRP_023_s27_d5_p5.dat,27,5,4,clustered,TIME_LIMIT,TIME_LIMIT,12229.57,12447.55,69276.0,58451.0,34.0,30.0,4.0,4.0,251.577,252.128,81505.57,70898.55,-217.97999999999956,-10825.0,-10607.020000000004,-14.960841935413354,-4.0
024,MPVRP_024_s31_d4_p3.dat,31,3,3,uniform,TIME_LIMIT,TIME_LIMIT,2397.96,1410.9,2776.0,30271.0,1.0,6.0,3.0,2.0,250.665,250.688,5173.96,31681.9,987.06,27495.0,26507.940000000002,83.66903500105738,5.0
025,MPVRP_025_s16_d6_p4.dat,16,4,6,clustered,TIME_LIMIT,TIME_LIMIT,3157.71,2857.86,34974.0,45271.0,18.0,23.0,6.0,6.0,250.713,250.778,38131.71,48128.86,299.8499999999999,10297.0,9997.150000000001,20.771632654502934,5.0
026,MPVRP_026_s35_d2_p2.dat,35,2,2,corridor,TIME_LIMIT,TIME_LIMIT,6346.55,4678.35,123940.0,189546.0,16.0,25.0,2.0,2.0,252.532,251.646,130286.55,194224.35,1668.1999999999998,65606.0,63937.8,32.919559262265516,9.0
027,MPVRP_027_s19_d6_p5.dat,19,5,6,uniform,TIME_LIMIT,TIME_LIMIT,21115.1,22436.16,180843.0,192401.0,75.0,80.0,6.0,6.0,255.585,252.367,201958.1,214837.16,-1321.0600000000013,11558.0,12879.059999999998,5.994800899434715,5.0
028,MPVRP_028_s11_d1_p4.dat,11,4,5,uniform,TIME_LIMIT,TIME_LIMIT,3495.91,3350.44,26454.0,41519.0,13.0,18.0,5.0,5.0,250.68,250.262,29949.91,44869.44,145.4699999999998,15065.0,14919.530000000002,33.25098329731773,5.0
030,MPVRP_030_s5_d6_p4.dat,5,4,1,corridor,TIME_LIMIT,TIME_LIMIT,1983.73,1311.71,30645.0,181768.0,3.0,18.0,1.0,1.0,250.366,250.282,32628.73,183079.71,672.02,151123.0,150450.97999999998,82.17785575474201,15.0
033,MPVRP_033_s10_d7_p6.dat,10,6,9,uniform,TIME_LIMIT,TIME_LIMIT,7311.16,9873.41,466293.0,549044.0,48.0,54.0,9.0,9.0,252.45,250.921,473604.16,558917.41,-2562.25,82751.0,85313.25000000006,15.2640172722478,6.0
034,MPVRP_034_s13_d1_p6.dat,13,6,8,corridor,TIME_LIMIT,TIME_LIMIT,5095.56,4038.34,79807.0,71905.0,32.0,30.0,8.0,6.0,251.816,250.985,84902.56,75943.34,1057.2200000000003,-7902.0,-8959.220000000001,-11.797242523175832,-2.0
035,MPVRP_035_s21_d6_p6.dat,21,6,7,uniform,TIME_LIMIT,TIME_LIMIT,12300.89,11703.59,401839.0,390393.0,38.0,39.0,7.0,7.0,252.947,251.449,414139.89,402096.59,597.2999999999993,-11446.0,-12043.299999999988,-2.9951261213132865,1.0
036,MPVRP_036_s14_d3_p6.dat,14,6,7,uniform,TIME_LIMIT,TIME_LIMIT,8947.3,6188.57,140184.0,120312.0,40.0,37.0,7.0,7.0,252.184,250.727,149131.3,126500.57,2758.7299999999996,-19872.0,-22630.72999999998,-17.889824528063375,-3.0
038,MPVRP_038_s11_d1_p3.dat,11,3,7,corridor,TIME_LIMIT,TIME_LIMIT,3234.92,3231.64,39763.0,69036.0,7.0,9.0,7.0,7.0,250.85,250.362,42997.92,72267.64,3.2800000000002,29273.0,29269.72,40.501834569386794,2.0
039,MPVRP_039_s24_d4_p3.dat,24,3,3,uniform,TIME_LIMIT,TIME_LIMIT,2453.36,1628.07,9583.0,27086.0,6.0,9.0,3.0,2.0,251.783,250.713,12036.36,28714.07,825.2900000000002,17503.0,16677.71,58.082013451941854,3.0
041,MPVRP_041_s48_d5_p2.dat,48,2,4,uniform,TIME_LIMIT,TIME_LIMIT,34459.07,34459.07,866666.0,866666.0,88.0,88.0,4.0,4.0,269.711,261.861,901125.07,901125.07,0.0,0.0,0.0,0.0,0.0
042,MPVRP_042_s23_d2_p2.dat,23,2,5,uniform,TIME_LIMIT,TIME_LIMIT,2459.25,2319.63,1094.0,74994.0,0.0,6.0,4.0,3.0,250.943,250.741,3553.25,77313.63,139.6199999999999,73900.0,73760.38,95.40410921075623,6.0
043,MPVRP_043_s33_d1_p3.dat,33,3,7,uniform,TIME_LIMIT,TIME_LIMIT,6229.44,6339.68,55013.0,42640.0,11.0,13.0,7.0,7.0,252.049,251.495,61242.44,48979.68,-110.24000000000069,-12373.0,-12262.760000000002,-25.036423267771458,2.0
045,MPVRP_045_s4_d8_p2.dat,4,2,2,corridor,OPTIMAL,OPTIMAL,507.87,478.3,14730.0,31253.0,1.0,3.0,2.0,2.0,0.887,5.052,15237.87,31731.3,29.569999999999993,16523.0,16493.43,51.97842508816216,2.0
046,MPVRP_046_s9_d1_p3.dat,9,3,9,clustered,TIME_LIMIT,TIME_LIMIT,3288.4,3188.64,61466.0,119734.0,8.0,12.0,9.0,9.0,250.424,250.449,64754.4,122922.64,99.76000000000022,58268.0,58168.24,47.32101425742239,4.0
047,MPVRP_047_s45_d8_p2.dat,45,2,3,corridor,TIME_LIMIT,TIME_LIMIT,1510.67,1215.67,5390.0,14212.0,2.0,6.0,3.0,3.0,251.576,251.095,6900.67,15427.67,295.0,8822.0,8527.0,55.27082184153537,4.0
049,MPVRP_049_s26_d6_p2.dat,26,2,10,clustered,TIME_LIMIT,TIME_LIMIT,1735.12,1631.9,3160.0,80146.0,1.0,11.0,7.0,6.0,251.59,250.908,4895.12,81777.9,103.2199999999998,76986.0,76882.78,94.01412851149271,10.0
050,MPVRP_050_s12_d4_p3.dat,12,3,6,uniform,TIME_LIMIT,TIME_LIMIT,2376.35,1584.37,21654.0,140386.0,2.0,13.0,4.0,4.0,250.652,250.562,24030.35,141970.37,791.98,118732.0,117940.01999999999,83.07368643189419,11.0
051,MPVRP_051_s14_d7_p4.dat,14,4,10,corridor,TIME_LIMIT,TIME_LIMIT,4009.38,3836.05,29438.0,54821.0,17.0,26.0,10.0,10.0,251.667,251.261,33447.38,58657.05,173.32999999999993,25383.0,25209.670000000006,42.978073394417216,9.0
053,MPVRP_053_s11_d3_p2.dat,11,2,6,clustered,OPTIMAL,OPTIMAL,920.66,858.89,12994.0,33006.0,2.0,5.0,4.0,4.0,9.401,72.711,13914.66,33864.89,61.76999999999998,20012.0,19950.23,58.91124997010178,3.0
054,MPVRP_054_s21_d4_p5.dat,21,5,4,corridor,TIME_LIMIT,TIME_LIMIT,9276.51,9249.09,91913.0,87789.0,37.0,34.0,4.0,4.0,251.523,251.398,101189.51,97038.09,27.420000000000073,-4124.0,-4151.419999999998,-4.278134493372653,-3.0
055,MPVRP_055_s25_d8_p2.dat,25,2,5,uniform,TIME_LIMIT,TIME_LIMIT,1017.89,971.27,7144.0,7144.0,2.0,2.0,3.0,3.0,250.717,250.671,8161.89,8115.27,46.620000000000005,0.0,-46.61999999999989,-0.5744725683803482,0.0
056,MPVRP_056_s23_d8_p3.dat,23,3,2,corridor,TIME_LIMIT,TIME_LIMIT,924.43,974.3,5601.0,11990.0,3.0,6.0,2.0,2.0,251.333,250.44,6525.43,12964.3,-49.870000000000005,6389.0,6438.869999999999,49.666160147481925,3.0
057,MPVRP_057_s23_d5_p4.dat,23,4,1,clustered,TIME_LIMIT,TIME_LIMIT,2420.32,2590.39,5869.0,28182.0,3.0,9.0,1.0,1.0,250.754,250.596,8289.32,30772.39,-170.0699999999997,22313.0,22483.07,73.06247581029618,6.0
058,MPVRP_058_s18_d2_p2.dat,18,2,4,uniform,OPTIMAL,TIME_LIMIT,898.59,929.77,7143.0,22093.0,1.0,3.0,2.0,2.0,121.689,250.304,8041.59,23022.77,-31.17999999999995,14950.0,14981.18,65.0711447840551,2.0
059,MPVRP_059_s15_d8_p5.dat,15,5,4,uniform,TIME_LIMIT,TIME_LIMIT,11042.65,8301.49,381084.0,357795.0,37.0,39.0,4.0,4.0,252.446,253.785,392126.65,366096.49,2741.16,-23289.0,-26030.160000000033,-7.110191086508378,2.0
060,MPVRP_060_s7_d4_p3.dat,7,3,8,uniform,TIME_LIMIT,TIME_LIMIT,2346.46,2068.7,3517.0,88160.0,1.0,11.0,7.0,6.0,250.452,250.639,5863.46,90228.7,277.7600000000002,84643.0,84365.23999999999,93.50155770835666,10.0
062,MPVRP_062_s16_d3_p3.dat,16,3,5,corridor,TIME_LIMIT,TIME_LIMIT,1554.79,1663.74,52793.0,91514.0,4.0,9.0,5.0,5.0,250.593,250.555,54347.79,93177.74,-108.95000000000005,38721.0,38829.950000000004,41.6729897076276,5.0
063,MPVRP_063_s36_d7_p4.dat,36,4,3,corridor,TIME_LIMIT,TIME_LIMIT,9302.94,10384.03,67914.0,67431.0,27.0,27.0,3.0,3.0,253.569,252.52,77216.94,77815.03,-1081.0900000000001,-483.0,598.0899999999965,0.768604728418143,0.0
064,MPVRP_064_s28_d7_p3.dat,28,3,8,clustered,TIME_LIMIT,TIME_LIMIT,8760.44,7995.4,145874.0,126704.0,24.0,25.0,8.0,8.0,253.663,251.819,154634.44,134699.4,765.0400000000009,-19170.0,-19935.040000000008,-14.799650184039432,1.0
065,MPVRP_065_s42_d8_p3.dat,42,3,1,corridor,TIME_LIMIT,TIME_LIMIT,6282.91,3183.21,91515.0,100161.0,10.0,11.0,1.0,1.0,252.547,251.634,97797.91,103344.21,3099.7,8646.0,5546.300000000003,5.366822195457299,1.0
066,MPVRP_066_s17_d2_p2.dat,17,2,2,corridor,TIME_LIMIT,TIME_LIMIT,998.25,1053.69,11765.0,16429.0,1.0,2.0,2.0,2.0,250.37,250.432,12763.25,17482.69,-55.440000000000055,4664.0,4719.439999999999,26.99493041402667,1.0
067,MPVRP_067_s11_d8_p3.dat,11,3,3,corridor,TIME_LIMIT,TIME_LIMIT,1123.62,1109.84,39274.0,99020.0,3.0,8.0,3.0,3.0,250.911,250.349,40397.62,100129.84,13.779999999999973,59746.0,59732.219999999994,59.65476425409248,5.0
068,MPVRP_068_s19_d3_p3.dat,19,3,7,corridor,TIME_LIMIT,TIME_LIMIT,6415.63,3429.98,174011.0,117853.0,30.0,22.0,7.0,5.0,252.629,251.468,180426.63,121282.98,2985.65,-56158.0,-59143.65000000001,-48.76500396015996,-8.0
069,MPVRP_069_s14_d3_p5.dat,14,5,3,uniform,TIME_LIMIT,TIME_LIMIT,2885.88,2805.48,22021.0,39299.0,9.0,16.0,3.0,3.0,251.025,250.433,24906.88,42104.48,80.40000000000009,17278.0,17197.600000000002,40.84505971811076,7.0
070,MPVRP_070_s14_d2_p6.dat,14,6,5,clustered,TIME_LIMIT,TIME_LIMIT,5169.22,5672.06,273316.0,313923.0,27.0,29.0,5.0,5.0,251.119,250.827,278485.22,319595.06,-502.84000000000015,40607.0,41109.840000000026,12.863102452209377,2.0
071,MPVRP_071_s19_d5_p4.dat,19,4,3,corridor,TIME_LIMIT,TIME_LIMIT,1731.77,1525.65,41402.0,128402.0,4.0,12.0,3.0,3.0,250.532,250.525,43133.77,129927.65,206.1199999999999,87000.0,86793.88,66.8017007927104,8.0
072,MPVRP_072_s48_d4_p3.dat,48,3,10,clustered,TIME_LIMIT,TIME_LIMIT,41704.35,41704.35,1353767.0,1353767.0,115.0,115.0,10.0,10.0,282.967,266.925,1395471.35,1395471.35,0.0,0.0,0.0,0.0,0.0
074,MPVRP_074_s44_d8_p2.dat,44,2,7,corridor,TIME_LIMIT,TIME_LIMIT,26324.57,26324.57,62828.0,62828.0,54.0,54.0,7.0,7.0,258.959,257.174,89152.57,89152.57,0.0,0.0,0.0,0.0,0.0
075,MPVRP_075_s8_d1_p5.dat,8,5,1,clustered,TIME_LIMIT,TIME_LIMIT,4983.97,4890.83,13388.0,65329.0,5.0,27.0,1.0,1.0,250.566,250.366,18371.97,70219.83,93.14000000000033,51941.0,51847.86,73.83649319572548,22.0
076,MPVRP_076_s42_d1_p5.dat,42,5,9,uniform,TIME_LIMIT,TIME_LIMIT,13476.76,12565.19,299191.0,304236.0,33.0,33.0,8.0,8.0,259.102,254.562,312667.76,316801.19,911.5699999999997,5045.0,4133.429999999993,1.3047394171720104,0.0
077,MPVRP_077_s9_d1_p3.dat,9,3,10,corridor,TIME_LIMIT,TIME_LIMIT,3320.63,2518.81,13862.0,116861.0,1.0,13.0,7.0,5.0,251.522,250.362,17182.63,119379.81,801.8200000000002,102999.0,102197.18,85.60675377184802,12.0
078,MPVRP_078_s9_d7_p3.dat,9,3,10,clustered,TIME_LIMIT,TIME_LIMIT,2211.56,2055.61,51168.0,77924.0,9.0,12.0,10.0,10.0,250.793,250.719,53379.56,79979.61,155.94999999999982,26756.0,26600.050000000003,33.25853927019649,3.0
080,MPVRP_080_s33_d6_p5.dat,33,5,6,clustered,TIME_LIMIT,TIME_LIMIT,14308.79,15387.76,159463.0,172598.0,31.0,32.0,6.0,6.0,255.374,252.408,173771.79,187985.76,-1078.9699999999993,13135.0,14213.970000000001,7.56119506073226,1.0
081,MPVRP_081_s21_d1_p6.dat,21,6,8,uniform,TIME_LIMIT,TIME_LIMIT,15289.56,14503.69,89407.0,90744.0,40.0,41.0,8.0,8.0,252.547,251.852,104696.56,105247.69,785.869999999999,1337.0,551.1300000000047,0.5236504478150587,1.0
082,MPVRP_082_s12_d1_p3.dat,12,3,2,corridor,TIME_LIMIT,TIME_LIMIT,846.49,846.49,9186.0,28833.0,3.0,5.0,2.0,2.0,250.627,250.243,10032.49,29679.49,0.0,19647.0,19647.0,66.19722913028491,2.0
086,MPVRP_086_s50_d6_p2.dat,50,2,2,clustered,TIME_LIMIT,TIME_LIMIT,2019.5,2369.41,34627.0,82670.0,4.0,10.0,2.0,2.0,251.836,251.359,36646.5,85039.41,-349.90999999999985,48043.0,48392.91,56.90645078558283,6.0
087,MPVRP_087_s30_d6_p5.dat,30,5,3,uniform,TIME_LIMIT,TIME_LIMIT,5201.49,6190.62,70312.0,95221.0,13.0,15.0,3.0,3.0,251.491,251.181,75513.49,101411.62,-989.1300000000001,24909.0,25898.12999999999,25.53763562794874,2.0
089,MPVRP_089_s14_d2_p2.dat,14,2,4,corridor,TIME_LIMIT,TIME_LIMIT,3664.4,3593.61,12042.0,42814.0,4.0,18.0,4.0,4.0,250.927,250.637,15706.4,46407.61,70.78999999999996,30772.0,30701.21,66.15555078143434,14.0
090,MPVRP_090_s13_d5_p5.dat,13,5,5,corridor,TIME_LIMIT,TIME_LIMIT,3058.9,2622.72,20539.0,62996.0,8.0,26.0,5.0,4.0,251.276,251.147,23597.9,65618.72,436.1800000000003,42457.0,42020.82,64.03785383195527,18.0
091,MPVRP_091_s4_d2_p3.dat,4,3,8,clustered,OPTIMAL,TIME_LIMIT,2146.55,2066.85,61051.0,111713.0,5.0,10.0,8.0,8.0,39.765,250.418,63197.55,113779.85,79.70000000000027,50662.0,50582.3,44.45628993182888,5.0
092,MPVRP_092_s30_d2_p3.dat,30,3,7,clustered,TIME_LIMIT,TIME_LIMIT,4355.0,3930.62,34337.0,27079.0,17.0,13.0,7.0,7.0,252.871,251.362,38692.0,31009.62,424.3800000000001,-7258.0,-7682.380000000001,-24.774182979346413,-4.0
093,MPVRP_093_s20_d4_p5.dat,20,5,6,corridor,TIME_LIMIT,TIME_LIMIT,7252.11,6794.05,307793.0,313763.0,31.0,30.0,6.0,6.0,252.897,251.332,315045.11,320557.05,458.0599999999995,5970.0,5511.940000000002,1.7194879975342932,-1.0
094,MPVRP_094_s4_d1_p2.dat,4,2,4,corridor,OPTIMAL,OPTIMAL,898.51,898.51,18085.0,27428.0,2.0,3.0,4.0,4.0,1.237,9.966,18983.51,28326.51,0.0,9343.0,9343.0,32.98323725725478,1.0
095,MPVRP_095_s36_d7_p3.dat,36,3,2,corridor,TIME_LIMIT,TIME_LIMIT,8316.29,8067.05,216517.0,216517.0,18.0,18.0,2.0,2.0,252.233,252.376,224833.29,224584.05,249.2400000000007,0.0,-249.2400000000198,-0.11097849557883555,0.0
097,MPVRP_097_s9_d4_p2.dat,9,2,1,corridor,OPTIMAL,OPTIMAL,587.9,579.67,2833.0,4186.0,1.0,2.0,1.0,1.0,0.509,0.569,3420.9,4765.67,8.230000000000018,1353.0,1344.77,28.217858139569042,1.0
098,MPVRP_098_s4_d7_p5.dat,4,5,5,uniform,TIME_LIMIT,TIME_LIMIT,2061.0,1952.89,99290.0,188861.0,11.0,20.0,5.0,5.0,250.412,250.489,101351.0,190813.89,108.1099999999999,89571.0,89462.89000000001,46.88489396657655,9.0
099,MPVRP_099_s48_d6_p5.dat,48,5,4,clustered,TIME_LIMIT,TIME_LIMIT,14501.91,15263.41,180029.0,134053.0,19.0,17.0,4.0,4.0,253.095,252.651,194530.91,149316.41,-761.5,-45976.0,-45214.5,-30.28099858548702,-2.0
100,MPVRP_100_s11_d4_p5.dat,11,5,8,uniform,TIME_LIMIT,TIME_LIMIT,6516.38,6296.29,376607.0,386718.0,34.0,32.0,8.0,8.0,250.983,250.808,383123.38,393014.29,220.09000000000015,10111.0,9890.909999999974,2.516679482570462,-2.0
