id,file,instance_path,status,solver_status,objective,best_bound,mip_gap,mip_gap_percent,node_count,solver_runtime,solution_file,message
001,MPVRP_001_s36_d8_p3.dat,/home/rosas/Documents/IFRI/LRSIA/MPVRPSDCC/python/data/instances/in/MPVRP_001_s36_d8_p3.dat,UNSOLVED,,,,,,,,,No incumbent solution within 300 seconds or model infeasible.
002,MPVRP_002_s3_d6_p3.dat,/home/rosas/Documents/IFRI/LRSIA/MPVRPSDCC/python/data/instances/in/MPVRP_002_s3_d6_p3.dat,OPTIMAL,OPTIMAL,25309.000000,25309.000000,0.00000000,0.0000,7159,182.759696,/home/rosas/Documents/IFRI/LRSIA/MPVRPSDCC/python/data/solutions/milp/in/Sol_002_s3_d6_p3.dat,
003,MPVRP_003_s37_d2_p2.dat,/home/rosas/Documents/IFRI/LRSIA/MPVRPSDCC/python/data/instances/in/MPVRP_003_s37_d2_p2.dat,SOLVED,TIME_LIMIT,63233.000000,7518.000000,0.88110638,88.1106,1,300.095959,/home/rosas/Documents/IFRI/LRSIA/MPVRPSDCC/python/data/solutions/milp/in/Sol_003_s37_d2_p2.dat,
004,MPVRP_004_s14_d3_p4.dat,/home/rosas/Documents/IFRI/LRSIA/MPVRPSDCC/python/data/instances/in/MPVRP_004_s14_d3_p4.dat,SOLVED,TIME_LIMIT,18701.000000,2654.000000,0.85808246,85.8082,35,300.008813,/home/rosas/Documents/IFRI/LRSIA/MPVRPSDCC/python/data/solutions/milp/in/Sol_004_s14_d3_p4.dat,
005,MPVRP_005_s36_d1_p3.dat,/home/rosas/Documents/IFRI/LRSIA/MPVRPSDCC/python/data/instances/in/MPVRP_005_s36_d1_p3.dat,SOLVED,TIME_LIMIT,42521.000000,4648.000000,0.89068931,89.0689,1,300.078488,/home/rosas/Documents/IFRI/LRSIA/MPVRPSDCC/python/data/solutions/milp/in/Sol_005_s36_d1_p3.dat,
006,MPVRP_006_s29_d7_p5.dat,/home/rosas/Documents/IFRI/LRSIA/MPVRPSDCC/python/data/instances/in/MPVRP_006_s29_d7_p5.dat,SOLVED,TIME_LIMIT,84061.000000,2248.000000,0.97325752,97.3258,1,300.116297,/home/rosas/Documents/IFRI/LRSIA/MPVRPSDCC/python/data/solutions/milp/in/Sol_006_s29_d7_p5.dat,
007,MPVRP_007_s29_d7_p3.dat,/home/rosas/Documents/IFRI/LRSIA/MPVRPSDCC/python/data/instances/in/MPVRP_007_s29_d7_p3.dat,SOLVED,TIME_LIMIT,306113.000000,4359.000000,0.98576016,98.5760,1,300.079438,/home/rosas/Documents/IFRI/LRSIA/MPVRPSDCC/python/data/solutions/milp/in/Sol_007_s29_d7_p3.dat,
008,MPVRP_008_s23_d7_p5.dat,/home/rosas/Documents/IFRI/LRSIA/MPVRPSDCC/python/data/instances/in/MPVRP_008_s23_d7_p5.dat,SOLVED,TIME_LIMIT,313666.000000,2401.000000,0.99234536,99.2345,1,300.168079,/home/rosas/Documents/IFRI/LRSIA/MPVRPSDCC/python/data/solutions/milp/in/Sol_008_s23_d7_p5.dat,
009,MPVRP_009_s11_d6_p3.dat,/home/rosas/Documents/IFRI/LRSIA/MPVRPSDCC/python/data/instances/in/MPVRP_009_s11_d6_p3.dat,SOLVED,TIME_LIMIT,11841.000000,4980.000000,0.57942741,57.9427,1295,300.012373,/home/rosas/Documents/IFRI/LRSIA/MPVRPSDCC/python/data/solutions/milp/in/Sol_009_s11_d6_p3.dat,
010,MPVRP_010_s38_d6_p2.dat,/home/rosas/Documents/IFRI/LRSIA/MPVRPSDCC/python/data/instances/in/MPVRP_010_s38_d6_p2.dat,SOLVED,TIME_LIMIT,35655.000000,3563.000000,0.90007012,90.0070,1,300.493670,/home/rosas/Documents/IFRI/LRSIA/MPVRPSDCC/python/data/solutions/milp/in/Sol_010_s38_d6_p2.dat,
011,MPVRP_011_s47_d3_p6.dat,/home/rosas/Documents/IFRI/LRSIA/MPVRPSDCC/python/data/instances/in/MPVRP_011_s47_d3_p6.dat,UNSOLVED,,,,,,,,,No incumbent solution within 300 seconds or model infeasible.
012,MPVRP_012_s29_d2_p5.dat,/home/rosas/Documents/IFRI/LRSIA/MPVRPSDCC/python/data/instances/in/MPVRP_012_s29_d2_p5.dat,SOLVED,TIME_LIMIT,408782.000000,3090.000000,0.99244096,99.2441,1,300.052648,/home/rosas/Documents/IFRI/LRSIA/MPVRPSDCC/python/data/solutions/milp/in/Sol_012_s29_d2_p5.dat,
013,MPVRP_013_s7_d2_p2.dat,/home/rosas/Documents/IFRI/LRSIA/MPVRPSDCC/python/data/instances/in/MPVRP_013_s7_d2_p2.dat,OPTIMAL,OPTIMAL,23347.000000,23347.000000,0.00000000,0.0000,5895,8.682706,/home/rosas/Documents/IFRI/LRSIA/MPVRPSDCC/python/data/solutions/milp/in/Sol_013_s7_d2_p2.dat,
014,MPVRP_014_s42_d7_p3.dat,/home/rosas/Documents/IFRI/LRSIA/MPVRPSDCC/python/data/instances/in/MPVRP_014_s42_d7_p3.dat,UNSOLVED,,,,,,,,,No incumbent solution within 300 seconds or model infeasible.
015,MPVRP_015_s20_d7_p2.dat,/home/rosas/Documents/IFRI/LRSIA/MPVRPSDCC/python/data/instances/in/MPVRP_015_s20_d7_p2.dat,SOLVED,TIME_LIMIT,2054.000000,1743.000000,0.15141188,15.1412,12633,300.030810,/home/rosas/Documents/IFRI/LRSIA/MPVRPSDCC/python/data/solutions/milp/in/Sol_015_s20_d7_p2.dat,
016,MPVRP_016_s10_d1_p2.dat,/home/rosas/Documents/IFRI/LRSIA/MPVRPSDCC/python/data/instances/in/MPVRP_016_s10_d1_p2.dat,SOLVED,TIME_LIMIT,7888.000000,7342.000000,0.06921907,6.9219,3543,300.007210,/home/rosas/Documents/IFRI/LRSIA/MPVRPSDCC/python/data/solutions/milp/in/Sol_016_s10_d1_p2.dat,
017,MPVRP_017_s32_d1_p6.dat,/home/rosas/Documents/IFRI/LRSIA/MPVRPSDCC/python/data/instances/in/MPVRP_017_s32_d1_p6.dat,UNSOLVED,,,,,,,,,No incumbent solution within 300 seconds or model infeasible.
018,MPVRP_018_s34_d6_p4.dat,/home/rosas/Documents/IFRI/LRSIA/MPVRPSDCC/python/data/instances/in/MPVRP_018_s34_d6_p4.dat,SOLVED,TIME_LIMIT,314214.000000,2140.000000,0.99318936,99.3189,1,300.212512,/home/rosas/Documents/IFRI/LRSIA/MPVRPSDCC/python/data/solutions/milp/in/Sol_018_s34_d6_p4.dat,
019,MPVRP_019_s47_d3_p6.dat,/home/rosas/Documents/IFRI/LRSIA/MPVRPSDCC/python/data/instances/in/MPVRP_019_s47_d3_p6.dat,UNSOLVED,,,,,,,,,No incumbent solution within 300 seconds or model infeasible.
020,MPVRP_020_s9_d6_p4.dat,/home/rosas/Documents/IFRI/LRSIA/MPVRPSDCC/python/data/instances/in/MPVRP_020_s9_d6_p4.dat,SOLVED,TIME_LIMIT,37235.000000,3115.000000,0.91634215,91.6342,1,300.025050,/home/rosas/Documents/IFRI/LRSIA/MPVRPSDCC/python/data/solutions/milp/in/Sol_020_s9_d6_p4.dat,
021,MPVRP_021_s12_d3_p4.dat,/home/rosas/Documents/IFRI/LRSIA/MPVRPSDCC/python/data/instances/in/MPVRP_021_s12_d3_p4.dat,SOLVED,TIME_LIMIT,150304.000000,6446.000000,0.95711358,95.7114,1,300.031567,/home/rosas/Documents/IFRI/LRSIA/MPVRPSDCC/python/data/solutions/milp/in/Sol_021_s12_d3_p4.dat,
022,MPVRP_022_s19_d7_p3.dat,/home/rosas/Documents/IFRI/LRSIA/MPVRPSDCC/python/data/instances/in/MPVRP_022_s19_d7_p3.dat,SOLVED,TIME_LIMIT,10134.000000,2004.000000,0.80224985,80.2250,266,300.004822,/home/rosas/Documents/IFRI/LRSIA/MPVRPSDCC/python/data/solutions/milp/in/Sol_022_s19_d7_p3.dat,
023,MPVRP_023_s27_d5_p5.dat,/home/rosas/Documents/IFRI/LRSIA/MPVRPSDCC/python/data/instances/in/MPVRP_023_s27_d5_p5.dat,SOLVED,TIME_LIMIT,77095.000000,2588.000000,0.96643103,96.6431,1,300.101147,/home/rosas/Documents/IFRI/LRSIA/MPVRPSDCC/python/data/solutions/milp/in/Sol_023_s27_d5_p5.dat,
024,MPVRP_024_s31_d4_p3.dat,/home/rosas/Documents/IFRI/LRSIA/MPVRPSDCC/python/data/instances/in/MPVRP_024_s31_d4_p3.dat,SOLVED,TIME_LIMIT,13835.000000,2825.000000,0.79580773,79.5808,82,300.025206,/home/rosas/Documents/IFRI/LRSIA/MPVRPSDCC/python/data/solutions/milp/in/Sol_024_s31_d4_p3.dat,
025,MPVRP_025_s16_d6_p4.dat,/home/rosas/Documents/IFRI/LRSIA/MPVRPSDCC/python/data/instances/in/MPVRP_025_s16_d6_p4.dat,SOLVED,TIME_LIMIT,36414.000000,5070.000000,0.86076784,86.0768,96,300.017292,/home/rosas/Documents/IFRI/LRSIA/MPVRPSDCC/python/data/solutions/milp/in/Sol_025_s16_d6_p4.dat,
026,MPVRP_026_s35_d2_p2.dat,/home/rosas/Documents/IFRI/LRSIA/MPVRPSDCC/python/data/instances/in/MPVRP_026_s35_d2_p2.dat,SOLVED,TIME_LIMIT,218759.000000,4324.000000,0.98023396,98.0234,1,300.107994,/home/rosas/Documents/IFRI/LRSIA/MPVRPSDCC/python/data/solutions/milp/in/Sol_026_s35_d2_p2.dat,
027,MPVRP_027_s19_d6_p5.dat,/home/rosas/Documents/IFRI/LRSIA/MPVRPSDCC/python/data/instances/in/MPVRP_027_s19_d6_p5.dat,SOLVED,TIME_LIMIT,192509.000000,3161.000000,0.98357999,98.3580,1,300.063559,/home/rosas/Documents/IFRI/LRSIA/MPVRPSDCC/python/data/solutions/milp/in/Sol_027_s19_d6_p5.dat,
028,MPVRP_028_s11_d1_p4.dat,/home/rosas/Documents/IFRI/LRSIA/MPVRPSDCC/python/data/instances/in/MPVRP_028_s11_d1_p4.dat,UNSOLVED,,,,,,,,,No incumbent solution within 300 seconds or model infeasible.
029,MPVRP_029_s32_d4_p3.dat,/home/rosas/Documents/IFRI/LRSIA/MPVRPSDCC/python/data/instances/in/MPVRP_029_s32_d4_p3.dat,SOLVED,TIME_LIMIT,861681.000000,9189.000000,0.98933596,98.9336,1,300.098604,/home/rosas/Documents/IFRI/LRSIA/MPVRPSDCC/python/data/solutions/milp/in/Sol_029_s32_d4_p3.dat,
030,MPVRP_030_s5_d6_p4.dat,/home/rosas/Documents/IFRI/LRSIA/MPVRPSDCC/python/data/instances/in/MPVRP_030_s5_d6_p4.dat,SOLVED,TIME_LIMIT,32062.000000,7975.000000,0.75126318,75.1263,898,300.004874,/home/rosas/Documents/IFRI/LRSIA/MPVRPSDCC/python/data/solutions/milp/in/Sol_030_s5_d6_p4.dat,
031,MPVRP_031_s46_d1_p4.dat,/home/rosas/Documents/IFRI/LRSIA/MPVRPSDCC/python/data/instances/in/MPVRP_031_s46_d1_p4.dat,SOLVED,TIME_LIMIT,335797.000000,0.000000,1.00000000,100.0000,1,300.771502,/home/rosas/Documents/IFRI/LRSIA/MPVRPSDCC/python/data/solutions/milp/in/Sol_031_s46_d1_p4.dat,
032,MPVRP_032_s45_d2_p3.dat,/home/rosas/Documents/IFRI/LRSIA/MPVRPSDCC/python/data/instances/in/MPVRP_032_s45_d2_p3.dat,SOLVED,TIME_LIMIT,139627.000000,3983.000000,0.97147400,97.1474,1,300.129541,/home/rosas/Documents/IFRI/LRSIA/MPVRPSDCC/python/data/solutions/milp/in/Sol_032_s45_d2_p3.dat,
033,MPVRP_033_s10_d7_p6.dat,/home/rosas/Documents/IFRI/LRSIA/MPVRPSDCC/python/data/instances/in/MPVRP_033_s10_d7_p6.dat,SOLVED,TIME_LIMIT,575270.000000,6808.000000,0.98816556,98.8166,1,317.514708,/home/rosas/Documents/IFRI/LRSIA/MPVRPSDCC/python/data/solutions/milp/in/Sol_033_s10_d7_p6.dat,
034,MPVRP_034_s13_d1_p6.dat,/home/rosas/Documents/IFRI/LRSIA/MPVRPSDCC/python/data/instances/in/MPVRP_034_s13_d1_p6.dat,SOLVED,TIME_LIMIT,53656.000000,5904.000000,0.88996571,88.9966,1,300.050700,/home/rosas/Documents/IFRI/LRSIA/MPVRPSDCC/python/data/solutions/milp/in/Sol_034_s13_d1_p6.dat,
035,MPVRP_035_s21_d6_p6.dat,/home/rosas/Documents/IFRI/LRSIA/MPVRPSDCC/python/data/instances/in/MPVRP_035_s21_d6_p6.dat,SOLVED,TIME_LIMIT,455645.000000,3494.000000,0.99233175,99.2332,1,300.118553,/home/rosas/Documents/IFRI/LRSIA/MPVRPSDCC/python/data/solutions/milp/in/Sol_035_s21_d6_p6.dat,
036,MPVRP_036_s14_d3_p6.dat,/home/rosas/Documents/IFRI/LRSIA/MPVRPSDCC/python/data/instances/in/MPVRP_036_s14_d3_p6.dat,SOLVED,TIME_LIMIT,158842.000000,5016.000000,0.96842145,96.8421,1,300.078897,/home/rosas/Documents/IFRI/LRSIA/MPVRPSDCC/python/data/solutions/milp/in/Sol_036_s14_d3_p6.dat,
037,MPVRP_037_s23_d7_p6.dat,/home/rosas/Documents/IFRI/LRSIA/MPVRPSDCC/python/data/instances/in/MPVRP_037_s23_d7_p6.dat,SOLVED,TIME_LIMIT,601346.000000,3333.000000,0.99445743,99.4457,1,300.064602,/home/rosas/Documents/IFRI/LRSIA/MPVRPSDCC/python/data/solutions/milp/in/Sol_037_s23_d7_p6.dat,
038,MPVRP_038_s11_d1_p3.dat,/home/rosas/Documents/IFRI/LRSIA/MPVRPSDCC/python/data/instances/in/MPVRP_038_s11_d1_p3.dat,SOLVED,TIME_LIMIT,41049.000000,40187.000000,0.02099929,2.0999,38786,300.017407,/home/rosas/Documents/IFRI/LRSIA/MPVRPSDCC/python/data/solutions/milp/in/Sol_038_s11_d1_p3.dat,
039,MPVRP_039_s24_d4_p3.dat,/home/rosas/Documents/IFRI/LRSIA/MPVRPSDCC/python/data/instances/in/MPVRP_039_s24_d4_p3.dat,SOLVED,TIME_LIMIT,11218.000000,2075.000000,0.81502942,81.5029,92,300.007907,/home/rosas/Documents/IFRI/LRSIA/MPVRPSDCC/python/data/solutions/milp/in/Sol_039_s24_d4_p3.dat,
040,MPVRP_040_s44_d8_p6.dat,/home/rosas/Documents/IFRI/LRSIA/MPVRPSDCC/python/data/instances/in/MPVRP_040_s44_d8_p6.dat,UNSOLVED,,,,,,,,,No incumbent solution within 300 seconds or model infeasible.
041,MPVRP_041_s48_d5_p2.dat,/home/rosas/Documents/IFRI/LRSIA/MPVRPSDCC/python/data/instances/in/MPVRP_041_s48_d5_p2.dat,SOLVED,TIME_LIMIT,897455.000000,0.000000,1.00000000,100.0000,1,300.832789,/home/rosas/Documents/IFRI/LRSIA/MPVRPSDCC/python/data/solutions/milp/in/Sol_041_s48_d5_p2.dat,
042,MPVRP_042_s23_d2_p2.dat,/home/rosas/Documents/IFRI/LRSIA/MPVRPSDCC/python/data/instances/in/MPVRP_042_s23_d2_p2.dat,SOLVED,TIME_LIMIT,3095.000000,2431.000000,0.21453958,21.4540,33863,300.087097,/home/rosas/Documents/IFRI/LRSIA/MPVRPSDCC/python/data/solutions/milp/in/Sol_042_s23_d2_p2.dat,
043,MPVRP_043_s33_d1_p3.dat,/home/rosas/Documents/IFRI/LRSIA/MPVRPSDCC/python/data/instances/in/MPVRP_043_s33_d1_p3.dat,SOLVED,TIME_LIMIT,91833.000000,9276.000000,0.89899056,89.8991,1,300.122404,/home/rosas/Documents/IFRI/LRSIA/MPVRPSDCC/python/data/solutions/milp/in/Sol_043_s33_d1_p3.dat,
044,MPVRP_044_s38_d7_p5.dat,/home/rosas/Documents/IFRI/LRSIA/MPVRPSDCC/python/data/instances/in/MPVRP_044_s38_d7_p5.dat,UNSOLVED,,,,,,,,,No incumbent solution within 300 seconds or model infeasible.
045,MPVRP_045_s4_d8_p2.dat,/home/rosas/Documents/IFRI/LRSIA/MPVRPSDCC/python/data/instances/in/MPVRP_045_s4_d8_p2.dat,OPTIMAL,OPTIMAL,15226.000000,15226.000000,0.00000000,0.0000,169,0.820427,/home/rosas/Documents/IFRI/LRSIA/MPVRPSDCC/python/data/solutions/milp/in/Sol_045_s4_d8_p2.dat,
046,MPVRP_046_s9_d1_p3.dat,/home/rosas/Documents/IFRI/LRSIA/MPVRPSDCC/python/data/instances/in/MPVRP_046_s9_d1_p3.dat,SOLVED,TIME_LIMIT,64668.000000,64533.000000,0.00208759,0.2088,13771,300.005073,/home/rosas/Documents/IFRI/LRSIA/MPVRPSDCC/python/data/solutions/milp/in/Sol_046_s9_d1_p3.dat,
047,MPVRP_047_s45_d8_p2.dat,/home/rosas/Documents/IFRI/LRSIA/MPVRPSDCC/python/data/instances/in/MPVRP_047_s45_d8_p2.dat,SOLVED,TIME_LIMIT,4138.000000,3840.000000,0.07201547,7.2015,5043,300.025538,/home/rosas/Documents/IFRI/LRSIA/MPVRPSDCC/python/data/solutions/milp/in/Sol_047_s45_d8_p2.dat,
049,MPVRP_049_s26_d6_p2.dat,/home/rosas/Documents/IFRI/LRSIA/MPVRPSDCC/python/data/instances/with_changeover_costs/MPVRP_049_s26_d6_p2.dat,SOLVED,TIME_LIMIT,2253.000000,1888.000000,0.16200621,16.2006,22589,300.028355,/home/rosas/Documents/IFRI/LRSIA/MPVRPSDCC/python/data/solutions/lp2/with_changeover_costs/Sol_049_s26_d6_p2.dat,
050,MPVRP_050_s12_d4_p3.dat,/home/rosas/Documents/IFRI/LRSIA/MPVRPSDCC/python/data/instances/with_changeover_costs/MPVRP_050_s12_d4_p3.dat,SOLVED,TIME_LIMIT,34498.000000,3435.000000,0.90042901,90.0429,997,300.005645,/home/rosas/Documents/IFRI/LRSIA/MPVRPSDCC/python/data/solutions/lp2/with_changeover_costs/Sol_050_s12_d4_p3.dat,
051,MPVRP_051_s14_d7_p4.dat,/home/rosas/Documents/IFRI/LRSIA/MPVRPSDCC/python/data/instances/with_changeover_costs/MPVRP_051_s14_d7_p4.dat,SOLVED,TIME_LIMIT,40178.000000,7510.000000,0.81308179,81.3082,31,300.013009,/home/rosas/Documents/IFRI/LRSIA/MPVRPSDCC/python/data/solutions/lp2/with_changeover_costs/Sol_051_s14_d7_p4.dat,
052,MPVRP_052_s10_d3_p6.dat,/home/rosas/Documents/IFRI/LRSIA/MPVRPSDCC/python/data/instances/with_changeover_costs/MPVRP_052_s10_d3_p6.dat,SOLVED,TIME_LIMIT,179347.000000,5036.000000,0.97192036,97.1920,21,300.006687,/home/rosas/Documents/IFRI/LRSIA/MPVRPSDCC/python/data/solutions/lp2/with_changeover_costs/Sol_052_s10_d3_p6.dat,
053,MPVRP_053_s11_d3_p2.dat,/home/rosas/Documents/IFRI/LRSIA/MPVRPSDCC/python/data/instances/with_changeover_costs/MPVRP_053_s11_d3_p2.dat,SOLVED,OPTIMAL,13837.000000,13836.000000,0.00007227,0.0072,3329,9.691139,/home/rosas/Documents/IFRI/LRSIA/MPVRPSDCC/python/data/solutions/lp2/with_changeover_costs/Sol_053_s11_d3_p2.dat,
054,MPVRP_054_s21_d4_p5.dat,/home/rosas/Documents/IFRI/LRSIA/MPVRPSDCC/python/data/instances/with_changeover_costs/MPVRP_054_s21_d4_p5.dat,SOLVED,TIME_LIMIT,84560.000000,3448.000000,0.95922422,95.9224,1,300.031757,/home/rosas/Documents/IFRI/LRSIA/MPVRPSDCC/python/data/solutions/lp2/with_changeover_costs/Sol_054_s21_d4_p5.dat,
055,MPVRP_055_s25_d8_p2.dat,/home/rosas/Documents/IFRI/LRSIA/MPVRPSDCC/python/data/instances/with_changeover_costs/MPVRP_055_s25_d8_p2.dat,SOLVED,TIME_LIMIT,4605.000000,4459.000000,0.03170467,3.1705,7867,300.010289,/home/rosas/Documents/IFRI/LRSIA/MPVRPSDCC/python/data/solutions/lp2/with_changeover_costs/Sol_055_s25_d8_p2.dat,
056,MPVRP_056_s23_d8_p3.dat,/home/rosas/Documents/IFRI/LRSIA/MPVRPSDCC/python/data/instances/with_changeover_costs/MPVRP_056_s23_d8_p3.dat,SOLVED,OPTIMAL,6511.000000,6511.000000,0.00000000,0.0000,12137,120.425501,/home/rosas/Documents/IFRI/LRSIA/MPVRPSDCC/python/data/solutions/lp2/with_changeover_costs/Sol_056_s23_d8_p3.dat,
057,MPVRP_057_s23_d5_p4.dat,/home/rosas/Documents/IFRI/LRSIA/MPVRPSDCC/python/data/instances/with_changeover_costs/MPVRP_057_s23_d5_p4.dat,SOLVED,TIME_LIMIT,51651.000000,1657.000000,0.96791930,96.7919,1,300.024185,/home/rosas/Documents/IFRI/LRSIA/MPVRPSDCC/python/data/solutions/lp2/with_changeover_costs/Sol_057_s23_d5_p4.dat,
058,MPVRP_058_s18_d2_p2.dat,/home/rosas/Documents/IFRI/LRSIA/MPVRPSDCC/python/data/instances/with_changeover_costs/MPVRP_058_s18_d2_p2.dat,SOLVED,OPTIMAL,7909.000000,7909.000000,0.00000000,0.0000,5098,30.755045,/home/rosas/Documents/IFRI/LRSIA/MPVRPSDCC/python/data/solutions/lp2/with_changeover_costs/Sol_058_s18_d2_p2.dat,
059,MPVRP_059_s15_d8_p5.dat,/home/rosas/Documents/IFRI/LRSIA/MPVRPSDCC/python/data/instances/with_changeover_costs/MPVRP_059_s15_d8_p5.dat,SOLVED,TIME_LIMIT,451885.000000,2846.000000,0.99370194,99.3702,1,300.233958,/home/rosas/Documents/IFRI/LRSIA/MPVRPSDCC/python/data/solutions/lp2/with_changeover_costs/Sol_059_s15_d8_p5.dat,
060,MPVRP_060_s7_d4_p3.dat,/home/rosas/Documents/IFRI/LRSIA/MPVRPSDCC/python/data/instances/with_changeover_costs/MPVRP_060_s7_d4_p3.dat,SOLVED,TIME_LIMIT,5475.000000,5315.000000,0.02922374,2.9224,781,300.002726,/home/rosas/Documents/IFRI/LRSIA/MPVRPSDCC/python/data/solutions/lp2/with_changeover_costs/Sol_060_s7_d4_p3.dat,
061,MPVRP_061_s31_d5_p2.dat,/home/rosas/Documents/IFRI/LRSIA/MPVRPSDCC/python/data/instances/with_changeover_costs/MPVRP_061_s31_d5_p2.dat,UNSOLVED,,,,,,,,,No incumbent solution within 300 seconds or model infeasible.
062,MPVRP_062_s16_d3_p3.dat,/home/rosas/Documents/IFRI/LRSIA/MPVRPSDCC/python/data/instances/with_changeover_costs/MPVRP_062_s16_d3_p3.dat,SOLVED,TIME_LIMIT,54317.000000,39215.000000,0.27803450,27.8035,3405,300.005865,/home/rosas/Documents/IFRI/LRSIA/MPVRPSDCC/python/data/solutions/lp2/with_changeover_costs/Sol_062_s16_d3_p3.dat,
063,MPVRP_063_s36_d7_p4.dat,/home/rosas/Documents/IFRI/LRSIA/MPVRPSDCC/python/data/instances/with_changeover_costs/MPVRP_063_s36_d7_p4.dat,SOLVED,TIME_LIMIT,67254.000000,1297.000000,0.98071490,98.0715,1,300.229705,/home/rosas/Documents/IFRI/LRSIA/MPVRPSDCC/python/data/solutions/lp2/with_changeover_costs/Sol_063_s36_d7_p4.dat,
064,MPVRP_064_s28_d7_p3.dat,/home/rosas/Documents/IFRI/LRSIA/MPVRPSDCC/python/data/instances/with_changeover_costs/MPVRP_064_s28_d7_p3.dat,SOLVED,TIME_LIMIT,145102.000000,2082.000000,0.98565147,98.5651,1,300.137889,/home/rosas/Documents/IFRI/LRSIA/MPVRPSDCC/python/data/solutions/lp2/with_changeover_costs/Sol_064_s28_d7_p3.dat,
065,MPVRP_065_s42_d8_p3.dat,/home/rosas/Documents/IFRI/LRSIA/MPVRPSDCC/python/data/instances/with_changeover_costs/MPVRP_065_s42_d8_p3.dat,SOLVED,TIME_LIMIT,110006.000000,1658.000000,0.98492809,98.4928,1,300.067926,/home/rosas/Documents/IFRI/LRSIA/MPVRPSDCC/python/data/solutions/lp2/with_changeover_costs/Sol_065_s42_d8_p3.dat,
066,MPVRP_066_s17_d2_p2.dat,/home/rosas/Documents/IFRI/LRSIA/MPVRPSDCC/python/data/instances/with_changeover_costs/MPVRP_066_s17_d2_p2.dat,SOLVED,TIME_LIMIT,12747.000000,12486.000000,0.02047541,2.0475,42268,300.023003,/home/rosas/Documents/IFRI/LRSIA/MPVRPSDCC/python/data/solutions/lp2/with_changeover_costs/Sol_066_s17_d2_p2.dat,
067,MPVRP_067_s11_d8_p3.dat,/home/rosas/Documents/IFRI/LRSIA/MPVRPSDCC/python/data/instances/with_changeover_costs/MPVRP_067_s11_d8_p3.dat,SOLVED,TIME_LIMIT,40363.000000,40202.000000,0.00398880,0.3989,31543,300.059526,/home/rosas/Documents/IFRI/LRSIA/MPVRPSDCC/python/data/solutions/lp2/with_changeover_costs/Sol_067_s11_d8_p3.dat,
068,MPVRP_068_s19_d3_p3.dat,/home/rosas/Documents/IFRI/LRSIA/MPVRPSDCC/python/data/instances/with_changeover_costs/MPVRP_068_s19_d3_p3.dat,SOLVED,TIME_LIMIT,136104.000000,2996.000000,0.97798742,97.7987,1,300.062740,/home/rosas/Documents/IFRI/LRSIA/MPVRPSDCC/python/data/solutions/lp2/with_changeover_costs/Sol_068_s19_d3_p3.dat,
069,MPVRP_069_s14_d3_p5.dat,/home/rosas/Documents/IFRI/LRSIA/MPVRPSDCC/python/data/instances/with_changeover_costs/MPVRP_069_s14_d3_p5.dat,SOLVED,TIME_LIMIT,35178.000000,2108.000000,0.94007618,94.0076,26,300.006614,/home/rosas/Documents/IFRI/LRSIA/MPVRPSDCC/python/data/solutions/lp2/with_changeover_costs/Sol_069_s14_d3_p5.dat,
070,MPVRP_070_s14_d2_p6.dat,/home/rosas/Documents/IFRI/LRSIA/MPVRPSDCC/python/data/instances/with_changeover_costs/MPVRP_070_s14_d2_p6.dat,SOLVED,TIME_LIMIT,294098.000000,4239.000000,0.98558644,98.5586,1,300.094267,/home/rosas/Documents/IFRI/LRSIA/MPVRPSDCC/python/data/solutions/lp2/with_changeover_costs/Sol_070_s14_d2_p6.dat,
071,MPVRP_071_s19_d5_p4.dat,/home/rosas/Documents/IFRI/LRSIA/MPVRPSDCC/python/data/instances/with_changeover_costs/MPVRP_071_s19_d5_p4.dat,SOLVED,TIME_LIMIT,44890.000000,12668.000000,0.71779906,71.7799,759,300.011487,/home/rosas/Documents/IFRI/LRSIA/MPVRPSDCC/python/data/solutions/lp2/with_changeover_costs/Sol_071_s19_d5_p4.dat,
072,MPVRP_072_s48_d4_p3.dat,/home/rosas/Documents/IFRI/LRSIA/MPVRPSDCC/python/data/instances/with_changeover_costs/MPVRP_072_s48_d4_p3.dat,UNSOLVED,,,,,,,,,No incumbent solution within 300 seconds or model infeasible.
073,MPVRP_073_s5_d6_p3.dat,/home/rosas/Documents/IFRI/LRSIA/MPVRPSDCC/python/data/instances/with_changeover_costs/MPVRP_073_s5_d6_p3.dat,SOLVED,OPTIMAL,20083.000000,20082.000000,0.00004979,0.0050,1,1.338922,/home/rosas/Documents/IFRI/LRSIA/MPVRPSDCC/python/data/solutions/lp2/with_changeover_costs/Sol_073_s5_d6_p3.dat,
074,MPVRP_074_s44_d8_p2.dat,/home/rosas/Documents/IFRI/LRSIA/MPVRPSDCC/python/data/instances/with_changeover_costs/MPVRP_074_s44_d8_p2.dat,SOLVED,TIME_LIMIT,88382.000000,0.000000,1.00000000,100.0000,1,300.730945,/home/rosas/Documents/IFRI/LRSIA/MPVRPSDCC/python/data/solutions/lp2/with_changeover_costs/Sol_074_s44_d8_p2.dat,
075,MPVRP_075_s8_d1_p5.dat,/home/rosas/Documents/IFRI/LRSIA/MPVRPSDCC/python/data/instances/with_changeover_costs/MPVRP_075_s8_d1_p5.dat,SOLVED,TIME_LIMIT,13392.000000,13383.000000,0.00067204,0.0672,2953,300.027426,/home/rosas/Documents/IFRI/LRSIA/MPVRPSDCC/python/data/solutions/lp2/with_changeover_costs/Sol_075_s8_d1_p5.dat,
076,MPVRP_076_s42_d1_p5.dat,/home/rosas/Documents/IFRI/LRSIA/MPVRPSDCC/python/data/instances/with_changeover_costs/MPVRP_076_s42_d1_p5.dat,SOLVED,TIME_LIMIT,176122.000000,3160.000000,0.98205789,98.2058,1,300.140242,/home/rosas/Documents/IFRI/LRSIA/MPVRPSDCC/python/data/solutions/lp2/with_changeover_costs/Sol_076_s42_d1_p5.dat,
077,MPVRP_077_s9_d1_p3.dat,/home/rosas/Documents/IFRI/LRSIA/MPVRPSDCC/python/data/instances/with_changeover_costs/MPVRP_077_s9_d1_p3.dat,SOLVED,TIME_LIMIT,17107.000000,15919.000000,0.06944526,6.9445,3796,300.004960,/home/rosas/Documents/IFRI/LRSIA/MPVRPSDCC/python/data/solutions/lp2/with_changeover_costs/Sol_077_s9_d1_p3.dat,
078,MPVRP_078_s9_d7_p3.dat,/home/rosas/Documents/IFRI/LRSIA/MPVRPSDCC/python/data/instances/with_changeover_costs/MPVRP_078_s9_d7_p3.dat,SOLVED,TIME_LIMIT,53144.000000,42747.000000,0.19563827,19.5638,1257,300.010648,/home/rosas/Documents/IFRI/LRSIA/MPVRPSDCC/python/data/solutions/lp2/with_changeover_costs/Sol_078_s9_d7_p3.dat,
079,MPVRP_079_s25_d3_p6.dat,/home/rosas/Documents/IFRI/LRSIA/MPVRPSDCC/python/data/instances/with_changeover_costs/MPVRP_079_s25_d3_p6.dat,UNSOLVED,,,,,,,,,No incumbent solution within 300 seconds or model infeasible.
080,MPVRP_080_s33_d6_p5.dat,/home/rosas/Documents/IFRI/LRSIA/MPVRPSDCC/python/data/instances/with_changeover_costs/MPVRP_080_s33_d6_p5.dat,UNSOLVED,,,,,,,,,No incumbent solution within 300 seconds or model infeasible.
081,MPVRP_081_s21_d1_p6.dat,/home/rosas/Documents/IFRI/LRSIA/MPVRPSDCC/python/data/instances/with_changeover_costs/MPVRP_081_s21_d1_p6.dat,SOLVED,TIME_LIMIT,125579.000000,4707.000000,0.96251762,96.2518,1,300.087933,/home/rosas/Documents/IFRI/LRSIA/MPVRPSDCC/python/data/solutions/lp2/with_changeover_costs/Sol_081_s21_d1_p6.dat,
082,MPVRP_082_s12_d1_p3.dat,/home/rosas/Documents/IFRI/LRSIA/MPVRPSDCC/python/data/instances/with_changeover_costs/MPVRP_082_s12_d1_p3.dat,SOLVED,TIME_LIMIT,10027.000000,9940.000000,0.00867657,0.8677,267728,300.036967,/home/rosas/Documents/IFRI/LRSIA/MPVRPSDCC/python/data/solutions/lp2/with_changeover_costs/Sol_082_s12_d1_p3.dat,
083,MPVRP_083_s42_d2_p2.dat,/home/rosas/Documents/IFRI/LRSIA/MPVRPSDCC/python/data/instances/with_changeover_costs/MPVRP_083_s42_d2_p2.dat,SOLVED,TIME_LIMIT,439257.000000,10604.000000,0.97585924,97.5859,1,300.071447,/home/rosas/Documents/IFRI/LRSIA/MPVRPSDCC/python/data/solutions/lp2/with_changeover_costs/Sol_083_s42_d2_p2.dat,
084,MPVRP_084_s41_d2_p5.dat,/home/rosas/Documents/IFRI/LRSIA/MPVRPSDCC/python/data/instances/with_changeover_costs/MPVRP_084_s41_d2_p5.dat,SOLVED,TIME_LIMIT,116124.000000,3201.000000,0.97243464,97.2435,1,300.044430,/home/rosas/Documents/IFRI/LRSIA/MPVRPSDCC/python/data/solutions/lp2/with_changeover_costs/Sol_084_s41_d2_p5.dat,
085,MPVRP_085_s47_d7_p5.dat,/home/rosas/Documents/IFRI/LRSIA/MPVRPSDCC/python/data/instances/with_changeover_costs/MPVRP_085_s47_d7_p5.dat,UNSOLVED,,,,,,,,,No incumbent solution within 300 seconds or model infeasible.
086,MPVRP_086_s50_d6_p2.dat,/home/rosas/Documents/IFRI/LRSIA/MPVRPSDCC/python/data/instances/with_changeover_costs/MPVRP_086_s50_d6_p2.dat,SOLVED,TIME_LIMIT,53448.000000,9889.000000,0.81497905,81.4979,1,300.070951,/home/rosas/Documents/IFRI/LRSIA/MPVRPSDCC/python/data/solutions/lp2/with_changeover_costs/Sol_086_s50_d6_p2.dat,
087,MPVRP_087_s30_d6_p5.dat,/home/rosas/Documents/IFRI/LRSIA/MPVRPSDCC/python/data/instances/with_changeover_costs/MPVRP_087_s30_d6_p5.dat,SOLVED,TIME_LIMIT,100702.000000,2018.000000,0.97996068,97.9961,1,300.071764,/home/rosas/Documents/IFRI/LRSIA/MPVRPSDCC/python/data/solutions/lp2/with_changeover_costs/Sol_087_s30_d6_p5.dat,
088,MPVRP_088_s50_d8_p5.dat,/home/rosas/Documents/IFRI/LRSIA/MPVRPSDCC/python/data/instances/with_changeover_costs/MPVRP_088_s50_d8_p5.dat,UNSOLVED,,,,,,,,,No incumbent solution within 300 seconds or model infeasible.
089,MPVRP_089_s14_d2_p2.dat,/home/rosas/Documents/IFRI/LRSIA/MPVRPSDCC/python/data/instances/with_changeover_costs/MPVRP_089_s14_d2_p2.dat,SOLVED,TIME_LIMIT,13979.000000,11590.000000,0.17089921,17.0899,1340,300.004193,/home/rosas/Documents/IFRI/LRSIA/MPVRPSDCC/python/data/solutions/lp2/with_changeover_costs/Sol_089_s14_d2_p2.dat,
090,MPVRP_090_s13_d5_p5.dat,/home/rosas/Documents/IFRI/LRSIA/MPVRPSDCC/python/data/instances/with_changeover_costs/MPVRP_090_s13_d5_p5.dat,SOLVED,TIME_LIMIT,84989.000000,2890.000000,0.96599560,96.5996,1,300.025403,/home/rosas/Documents/IFRI/LRSIA/MPVRPSDCC/python/data/solutions/lp2/with_changeover_costs/Sol_090_s13_d5_p5.dat,
091,MPVRP_091_s4_d2_p3.dat,/home/rosas/Documents/IFRI/LRSIA/MPVRPSDCC/python/data/instances/with_changeover_costs/MPVRP_091_s4_d2_p3.dat,SOLVED,OPTIMAL,63113.000000,63113.000000,0.00000000,0.0000,4656,53.889573,/home/rosas/Documents/IFRI/LRSIA/MPVRPSDCC/python/data/solutions/lp2/with_changeover_costs/Sol_091_s4_d2_p3.dat,
092,MPVRP_092_s30_d2_p3.dat,/home/rosas/Documents/IFRI/LRSIA/MPVRPSDCC/python/data/instances/with_changeover_costs/MPVRP_092_s30_d2_p3.dat,SOLVED,TIME_LIMIT,36906.000000,4720.000000,0.87210752,87.2108,1,300.243294,/home/rosas/Documents/IFRI/LRSIA/MPVRPSDCC/python/data/solutions/lp2/with_changeover_costs/Sol_092_s30_d2_p3.dat,
093,MPVRP_093_s20_d4_p5.dat,/home/rosas/Documents/IFRI/LRSIA/MPVRPSDCC/python/data/instances/with_changeover_costs/MPVRP_093_s20_d4_p5.dat,SOLVED,TIME_LIMIT,280247.000000,2188.000000,0.99219260,99.2193,1,300.084886,/home/rosas/Documents/IFRI/LRSIA/MPVRPSDCC/python/data/solutions/lp2/with_changeover_costs/Sol_093_s20_d4_p5.dat,
094,MPVRP_094_s4_d1_p2.dat,/home/rosas/Documents/IFRI/LRSIA/MPVRPSDCC/python/data/instances/with_changeover_costs/MPVRP_094_s4_d1_p2.dat,SOLVED,OPTIMAL,18944.000000,18944.000000,0.00000000,0.0000,1,0.577302,/home/rosas/Documents/IFRI/LRSIA/MPVRPSDCC/python/data/solutions/lp2/with_changeover_costs/Sol_094_s4_d1_p2.dat,
095,MPVRP_095_s36_d7_p3.dat,/home/rosas/Documents/IFRI/LRSIA/MPVRPSDCC/python/data/instances/with_changeover_costs/MPVRP_095_s36_d7_p3.dat,SOLVED,TIME_LIMIT,208287.000000,1703.000000,0.99182378,99.1824,1,300.048027,/home/rosas/Documents/IFRI/LRSIA/MPVRPSDCC/python/data/solutions/lp2/with_changeover_costs/Sol_095_s36_d7_p3.dat,
096,MPVRP_096_s47_d8_p5.dat,/home/rosas/Documents/IFRI/LRSIA/MPVRPSDCC/python/data/instances/with_changeover_costs/MPVRP_096_s47_d8_p5.dat,UNSOLVED,,,,,,,,,No incumbent solution within 300 seconds or model infeasible.
097,MPVRP_097_s9_d4_p2.dat,/home/rosas/Documents/IFRI/LRSIA/MPVRPSDCC/python/data/instances/with_changeover_costs/MPVRP_097_s9_d4_p2.dat,SOLVED,OPTIMAL,3413.000000,3413.000000,0.00000000,0.0000,1,0.183239,/home/rosas/Documents/IFRI/LRSIA/MPVRPSDCC/python/data/solutions/lp2/with_changeover_costs/Sol_097_s9_d4_p2.dat,
098,MPVRP_098_s4_d7_p5.dat,/home/rosas/Documents/IFRI/LRSIA/MPVRPSDCC/python/data/instances/with_changeover_costs/MPVRP_098_s4_d7_p5.dat,SOLVED,TIME_LIMIT,99123.000000,14699.000000,0.85170949,85.1709,789,300.005994,/home/rosas/Documents/IFRI/LRSIA/MPVRPSDCC/python/data/solutions/lp2/with_changeover_costs/Sol_098_s4_d7_p5.dat,
099,MPVRP_099_s48_d6_p5.dat,/home/rosas/Documents/IFRI/LRSIA/MPVRPSDCC/python/data/instances/with_changeover_costs/MPVRP_099_s48_d6_p5.dat,UNSOLVED,,,,,,,,,No incumbent solution within 300 seconds or model infeasible.
100,MPVRP_100_s11_d4_p5.dat,/home/rosas/Documents/IFRI/LRSIA/MPVRPSDCC/python/data/instances/with_changeover_costs/MPVRP_100_s11_d4_p5.dat,SOLVED,TIME_LIMIT,384508.000000,4782.000000,0.98756333,98.7563,1,300.070430,/home/rosas/Documents/IFRI/LRSIA/MPVRPSDCC/python/data/solutions/lp2/with_changeover_costs/Sol_100_s11_d4_p5.dat,
