id,file,instance_path,status,solver_status,objective,solution_file,message
001,MPVRP_001_s48_d1_p1.dat,/home/rosas/Documents/IFRI/LRSIA/MPVRPSDCC/python/inst/MPVRP_001_s48_d1_p1.dat,SOLVED,TIME_LIMIT,3447.651795,/home/rosas/Documents/IFRI/LRSIA/MPVRPSDCC/python/sol/Sol_001_s48_d1_p1.dat,
002,MPVRP_002_s22_d5_p5.dat,/home/rosas/Documents/IFRI/LRSIA/MPVRPSDCC/python/inst/MPVRP_002_s22_d5_p5.dat,SOLVED,TIME_LIMIT,28911.523685,/home/rosas/Documents/IFRI/LRSIA/MPVRPSDCC/python/sol/Sol_002_s22_d5_p5.dat,
003,MPVRP_003_s3_d7_p5.dat,/home/rosas/Documents/IFRI/LRSIA/MPVRPSDCC/python/inst/MPVRP_003_s3_d7_p5.dat,SOLVED,TIME_LIMIT,7436.126283,/home/rosas/Documents/IFRI/LRSIA/MPVRPSDCC/python/sol/Sol_003_s3_d7_p5.dat,
004,MPVRP_004_s44_d4_p2.dat,/home/rosas/Documents/IFRI/LRSIA/MPVRPSDCC/python/inst/MPVRP_004_s44_d4_p2.dat,SOLVED,TIME_LIMIT,12876.750245,/home/rosas/Documents/IFRI/LRSIA/MPVRPSDCC/python/sol/Sol_004_s44_d4_p2.dat,
005,MPVRP_005_s43_d6_p2.dat,/home/rosas/Documents/IFRI/LRSIA/MPVRPSDCC/python/inst/MPVRP_005_s43_d6_p2.dat,SOLVED,TIME_LIMIT,5825.693694,/home/rosas/Documents/IFRI/LRSIA/MPVRPSDCC/python/sol/Sol_005_s43_d6_p2.dat,
006,MPVRP_006_s28_d6_p6.dat,/home/rosas/Documents/IFRI/LRSIA/MPVRPSDCC/python/inst/MPVRP_006_s28_d6_p6.dat,UNSOLVED,,,,No incumbent solution within 190 seconds or model infeasible.
007,MPVRP_007_s36_d8_p2.dat,/home/rosas/Documents/IFRI/LRSIA/MPVRPSDCC/python/inst/MPVRP_007_s36_d8_p2.dat,UNSOLVED,,,,No incumbent solution within 190 seconds or model infeasible.
008,MPVRP_008_s3_d6_p2.dat,/home/rosas/Documents/IFRI/LRSIA/MPVRPSDCC/python/inst/MPVRP_008_s3_d6_p2.dat,SOLVED,OPTIMAL,6412.106236,/home/rosas/Documents/IFRI/LRSIA/MPVRPSDCC/python/sol/Sol_008_s3_d6_p2.dat,
009,MPVRP_009_s37_d2_p1.dat,/home/rosas/Documents/IFRI/LRSIA/MPVRPSDCC/python/inst/MPVRP_009_s37_d2_p1.dat,SOLVED,TIME_LIMIT,1672.953284,/home/rosas/Documents/IFRI/LRSIA/MPVRPSDCC/python/sol/Sol_009_s37_d2_p1.dat,
010,MPVRP_010_s14_d3_p4.dat,/home/rosas/Documents/IFRI/LRSIA/MPVRPSDCC/python/inst/MPVRP_010_s14_d3_p4.dat,SOLVED,TIME_LIMIT,9122.131695,/home/rosas/Documents/IFRI/LRSIA/MPVRPSDCC/python/sol/Sol_010_s14_d3_p4.dat,
011,MPVRP_011_s36_d1_p2.dat,/home/rosas/Documents/IFRI/LRSIA/MPVRPSDCC/python/inst/MPVRP_011_s36_d1_p2.dat,SOLVED,TIME_LIMIT,1101.575408,/home/rosas/Documents/IFRI/LRSIA/MPVRPSDCC/python/sol/Sol_011_s36_d1_p2.dat,
012,MPVRP_012_s29_d7_p4.dat,/home/rosas/Documents/IFRI/LRSIA/MPVRPSDCC/python/inst/MPVRP_012_s29_d7_p4.dat,SOLVED,TIME_LIMIT,18256.443823,/home/rosas/Documents/IFRI/LRSIA/MPVRPSDCC/python/sol/Sol_012_s29_d7_p4.dat,
013,MPVRP_013_s29_d7_p2.dat,/home/rosas/Documents/IFRI/LRSIA/MPVRPSDCC/python/inst/MPVRP_013_s29_d7_p2.dat,SOLVED,TIME_LIMIT,1631.517821,/home/rosas/Documents/IFRI/LRSIA/MPVRPSDCC/python/sol/Sol_013_s29_d7_p2.dat,
014,MPVRP_014_s23_d7_p4.dat,/home/rosas/Documents/IFRI/LRSIA/MPVRPSDCC/python/inst/MPVRP_014_s23_d7_p4.dat,SOLVED,TIME_LIMIT,17020.646750,/home/rosas/Documents/IFRI/LRSIA/MPVRPSDCC/python/sol/Sol_014_s23_d7_p4.dat,
015,MPVRP_015_s11_d6_p3.dat,/home/rosas/Documents/IFRI/LRSIA/MPVRPSDCC/python/inst/MPVRP_015_s11_d6_p3.dat,SOLVED,TIME_LIMIT,2735.600701,/home/rosas/Documents/IFRI/LRSIA/MPVRPSDCC/python/sol/Sol_015_s11_d6_p3.dat,
016,MPVRP_016_s38_d6_p1.dat,/home/rosas/Documents/IFRI/LRSIA/MPVRPSDCC/python/inst/MPVRP_016_s38_d6_p1.dat,SOLVED,TIME_LIMIT,1952.798880,/home/rosas/Documents/IFRI/LRSIA/MPVRPSDCC/python/sol/Sol_016_s38_d6_p1.dat,
017,MPVRP_017_s47_d3_p5.dat,/home/rosas/Documents/IFRI/LRSIA/MPVRPSDCC/python/inst/MPVRP_017_s47_d3_p5.dat,SOLVED,TIME_LIMIT,55099.503362,/home/rosas/Documents/IFRI/LRSIA/MPVRPSDCC/python/sol/Sol_017_s47_d3_p5.dat,
018,MPVRP_018_s29_d2_p5.dat,/home/rosas/Documents/IFRI/LRSIA/MPVRPSDCC/python/inst/MPVRP_018_s29_d2_p5.dat,SOLVED,TIME_LIMIT,41931.000409,/home/rosas/Documents/IFRI/LRSIA/MPVRPSDCC/python/sol/Sol_018_s29_d2_p5.dat,
019,MPVRP_019_s7_d2_p1.dat,/home/rosas/Documents/IFRI/LRSIA/MPVRPSDCC/python/inst/MPVRP_019_s7_d2_p1.dat,SOLVED,OPTIMAL,608.652986,/home/rosas/Documents/IFRI/LRSIA/MPVRPSDCC/python/sol/Sol_019_s7_d2_p1.dat,
020,MPVRP_020_s42_d7_p2.dat,/home/rosas/Documents/IFRI/LRSIA/MPVRPSDCC/python/inst/MPVRP_020_s42_d7_p2.dat,UNSOLVED,,,,No incumbent solution within 190 seconds or model infeasible.
021,MPVRP_021_s20_d7_p1.dat,/home/rosas/Documents/IFRI/LRSIA/MPVRPSDCC/python/inst/MPVRP_021_s20_d7_p1.dat,SOLVED,TIME_LIMIT,462.827958,/home/rosas/Documents/IFRI/LRSIA/MPVRPSDCC/python/sol/Sol_021_s20_d7_p1.dat,
022,MPVRP_022_s10_d1_p2.dat,/home/rosas/Documents/IFRI/LRSIA/MPVRPSDCC/python/inst/MPVRP_022_s10_d1_p2.dat,SOLVED,OPTIMAL,1280.807690,/home/rosas/Documents/IFRI/LRSIA/MPVRPSDCC/python/sol/Sol_022_s10_d1_p2.dat,
023,MPVRP_023_s32_d1_p6.dat,/home/rosas/Documents/IFRI/LRSIA/MPVRPSDCC/python/inst/MPVRP_023_s32_d1_p6.dat,UNSOLVED,,,,No incumbent solution within 190 seconds or model infeasible.
024,MPVRP_024_s34_d6_p3.dat,/home/rosas/Documents/IFRI/LRSIA/MPVRPSDCC/python/inst/MPVRP_024_s34_d6_p3.dat,SOLVED,TIME_LIMIT,109964.310632,/home/rosas/Documents/IFRI/LRSIA/MPVRPSDCC/python/sol/Sol_024_s34_d6_p3.dat,
025,MPVRP_025_s47_d3_p6.dat,/home/rosas/Documents/IFRI/LRSIA/MPVRPSDCC/python/inst/MPVRP_025_s47_d3_p6.dat,UNSOLVED,,,,No incumbent solution within 190 seconds or model infeasible.
026,MPVRP_026_s9_d6_p4.dat,/home/rosas/Documents/IFRI/LRSIA/MPVRPSDCC/python/inst/MPVRP_026_s9_d6_p4.dat,SOLVED,TIME_LIMIT,36609.830774,/home/rosas/Documents/IFRI/LRSIA/MPVRPSDCC/python/sol/Sol_026_s9_d6_p4.dat,
027,MPVRP_027_s12_d3_p3.dat,/home/rosas/Documents/IFRI/LRSIA/MPVRPSDCC/python/inst/MPVRP_027_s12_d3_p3.dat,SOLVED,TIME_LIMIT,14313.423791,/home/rosas/Documents/IFRI/LRSIA/MPVRPSDCC/python/sol/Sol_027_s12_d3_p3.dat,
028,MPVRP_028_s19_d7_p2.dat,/home/rosas/Documents/IFRI/LRSIA/MPVRPSDCC/python/inst/MPVRP_028_s19_d7_p2.dat,SOLVED,TIME_LIMIT,2838.573137,/home/rosas/Documents/IFRI/LRSIA/MPVRPSDCC/python/sol/Sol_028_s19_d7_p2.dat,
029,MPVRP_029_s27_d5_p5.dat,/home/rosas/Documents/IFRI/LRSIA/MPVRPSDCC/python/inst/MPVRP_029_s27_d5_p5.dat,SOLVED,TIME_LIMIT,26082.890705,/home/rosas/Documents/IFRI/LRSIA/MPVRPSDCC/python/sol/Sol_029_s27_d5_p5.dat,
030,MPVRP_030_s31_d4_p2.dat,/home/rosas/Documents/IFRI/LRSIA/MPVRPSDCC/python/inst/MPVRP_030_s31_d4_p2.dat,SOLVED,TIME_LIMIT,4824.225417,/home/rosas/Documents/IFRI/LRSIA/MPVRPSDCC/python/sol/Sol_030_s31_d4_p2.dat,
031,MPVRP_031_s16_d6_p4.dat,/home/rosas/Documents/IFRI/LRSIA/MPVRPSDCC/python/inst/MPVRP_031_s16_d6_p4.dat,SOLVED,TIME_LIMIT,6470.933897,/home/rosas/Documents/IFRI/LRSIA/MPVRPSDCC/python/sol/Sol_031_s16_d6_p4.dat,
032,MPVRP_032_s35_d2_p1.dat,/home/rosas/Documents/IFRI/LRSIA/MPVRPSDCC/python/inst/MPVRP_032_s35_d2_p1.dat,UNSOLVED,,,,No incumbent solution within 190 seconds or model infeasible.
033,MPVRP_033_s19_d6_p5.dat,/home/rosas/Documents/IFRI/LRSIA/MPVRPSDCC/python/inst/MPVRP_033_s19_d6_p5.dat,SOLVED,TIME_LIMIT,68372.439762,/home/rosas/Documents/IFRI/LRSIA/MPVRPSDCC/python/sol/Sol_033_s19_d6_p5.dat,
034,MPVRP_034_s11_d1_p4.dat,/home/rosas/Documents/IFRI/LRSIA/MPVRPSDCC/python/inst/MPVRP_034_s11_d1_p4.dat,SOLVED,TIME_LIMIT,17774.111456,/home/rosas/Documents/IFRI/LRSIA/MPVRPSDCC/python/sol/Sol_034_s11_d1_p4.dat,
035,MPVRP_035_s32_d4_p2.dat,/home/rosas/Documents/IFRI/LRSIA/MPVRPSDCC/python/inst/MPVRP_035_s32_d4_p2.dat,SOLVED,TIME_LIMIT,12167.540790,/home/rosas/Documents/IFRI/LRSIA/MPVRPSDCC/python/sol/Sol_035_s32_d4_p2.dat,
036,MPVRP_036_s5_d6_p3.dat,/home/rosas/Documents/IFRI/LRSIA/MPVRPSDCC/python/inst/MPVRP_036_s5_d6_p3.dat,UNSOLVED,,,,No incumbent solution within 190 seconds or model infeasible.
037,MPVRP_037_s46_d1_p4.dat,/home/rosas/Documents/IFRI/LRSIA/MPVRPSDCC/python/inst/MPVRP_037_s46_d1_p4.dat,SOLVED,TIME_LIMIT,35553.264145,/home/rosas/Documents/IFRI/LRSIA/MPVRPSDCC/python/sol/Sol_037_s46_d1_p4.dat,
038,MPVRP_038_s45_d2_p2.dat,/home/rosas/Documents/IFRI/LRSIA/MPVRPSDCC/python/inst/MPVRP_038_s45_d2_p2.dat,SOLVED,TIME_LIMIT,5671.529330,/home/rosas/Documents/IFRI/LRSIA/MPVRPSDCC/python/sol/Sol_038_s45_d2_p2.dat,
039,MPVRP_039_s10_d7_p6.dat,/home/rosas/Documents/IFRI/LRSIA/MPVRPSDCC/python/inst/MPVRP_039_s10_d7_p6.dat,SOLVED,TIME_LIMIT,25433.268068,/home/rosas/Documents/IFRI/LRSIA/MPVRPSDCC/python/sol/Sol_039_s10_d7_p6.dat,
040,MPVRP_040_s13_d1_p5.dat,/home/rosas/Documents/IFRI/LRSIA/MPVRPSDCC/python/inst/MPVRP_040_s13_d1_p5.dat,SOLVED,TIME_LIMIT,8231.534060,/home/rosas/Documents/IFRI/LRSIA/MPVRPSDCC/python/sol/Sol_040_s13_d1_p5.dat,
041,MPVRP_041_s21_d6_p6.dat,/home/rosas/Documents/IFRI/LRSIA/MPVRPSDCC/python/inst/MPVRP_041_s21_d6_p6.dat,SOLVED,TIME_LIMIT,19568.305528,/home/rosas/Documents/IFRI/LRSIA/MPVRPSDCC/python/sol/Sol_041_s21_d6_p6.dat,
042,MPVRP_042_s14_d3_p6.dat,/home/rosas/Documents/IFRI/LRSIA/MPVRPSDCC/python/inst/MPVRP_042_s14_d3_p6.dat,SOLVED,TIME_LIMIT,11204.730668,/home/rosas/Documents/IFRI/LRSIA/MPVRPSDCC/python/sol/Sol_042_s14_d3_p6.dat,
043,MPVRP_043_s23_d7_p6.dat,/home/rosas/Documents/IFRI/LRSIA/MPVRPSDCC/python/inst/MPVRP_043_s23_d7_p6.dat,SOLVED,TIME_LIMIT,23001.949251,/home/rosas/Documents/IFRI/LRSIA/MPVRPSDCC/python/sol/Sol_043_s23_d7_p6.dat,
044,MPVRP_044_s11_d1_p2.dat,/home/rosas/Documents/IFRI/LRSIA/MPVRPSDCC/python/inst/MPVRP_044_s11_d1_p2.dat,SOLVED,TIME_LIMIT,1274.517553,/home/rosas/Documents/IFRI/LRSIA/MPVRPSDCC/python/sol/Sol_044_s11_d1_p2.dat,
045,MPVRP_045_s24_d4_p3.dat,/home/rosas/Documents/IFRI/LRSIA/MPVRPSDCC/python/inst/MPVRP_045_s24_d4_p3.dat,SOLVED,TIME_LIMIT,3253.626122,/home/rosas/Documents/IFRI/LRSIA/MPVRPSDCC/python/sol/Sol_045_s24_d4_p3.dat,
046,MPVRP_046_s44_d8_p6.dat,/home/rosas/Documents/IFRI/LRSIA/MPVRPSDCC/python/inst/MPVRP_046_s44_d8_p6.dat,UNSOLVED,,,,No incumbent solution within 190 seconds or model infeasible.
047,MPVRP_047_s48_d5_p1.dat,/home/rosas/Documents/IFRI/LRSIA/MPVRPSDCC/python/inst/MPVRP_047_s48_d5_p1.dat,SOLVED,TIME_LIMIT,2168.251662,/home/rosas/Documents/IFRI/LRSIA/MPVRPSDCC/python/sol/Sol_047_s48_d5_p1.dat,
048,MPVRP_048_s23_d2_p1.dat,/home/rosas/Documents/IFRI/LRSIA/MPVRPSDCC/python/inst/MPVRP_048_s23_d2_p1.dat,SOLVED,TIME_LIMIT,1088.966500,/home/rosas/Documents/IFRI/LRSIA/MPVRPSDCC/python/sol/Sol_048_s23_d2_p1.dat,
049,MPVRP_049_s33_d1_p2.dat,/home/rosas/Documents/IFRI/LRSIA/MPVRPSDCC/python/inst/MPVRP_049_s33_d1_p2.dat,SOLVED,TIME_LIMIT,10486.577941,/home/rosas/Documents/IFRI/LRSIA/MPVRPSDCC/python/sol/Sol_049_s33_d1_p2.dat,
050,MPVRP_050_s38_d7_p5.dat,/home/rosas/Documents/IFRI/LRSIA/MPVRPSDCC/python/inst/MPVRP_050_s38_d7_p5.dat,UNSOLVED,,,,No incumbent solution within 190 seconds or model infeasible.
051,MPVRP_051_s4_d8_p1.dat,/home/rosas/Documents/IFRI/LRSIA/MPVRPSDCC/python/inst/MPVRP_051_s4_d8_p1.dat,SOLVED,OPTIMAL,287.913035,/home/rosas/Documents/IFRI/LRSIA/MPVRPSDCC/python/sol/Sol_051_s4_d8_p1.dat,
052,MPVRP_052_s9_d1_p2.dat,/home/rosas/Documents/IFRI/LRSIA/MPVRPSDCC/python/inst/MPVRP_052_s9_d1_p2.dat,SOLVED,OPTIMAL,2427.319124,/home/rosas/Documents/IFRI/LRSIA/MPVRPSDCC/python/sol/Sol_052_s9_d1_p2.dat,
053,MPVRP_053_s45_d8_p1.dat,/home/rosas/Documents/IFRI/LRSIA/MPVRPSDCC/python/inst/MPVRP_053_s45_d8_p1.dat,SOLVED,TIME_LIMIT,20109.230055,/home/rosas/Documents/IFRI/LRSIA/MPVRPSDCC/python/sol/Sol_053_s45_d8_p1.dat,
054,MPVRP_054_s50_d8_p6.dat,/home/rosas/Documents/IFRI/LRSIA/MPVRPSDCC/python/inst/MPVRP_054_s50_d8_p6.dat,UNSOLVED,,,,No incumbent solution within 190 seconds or model infeasible.
055,MPVRP_055_s26_d6_p1.dat,/home/rosas/Documents/IFRI/LRSIA/MPVRPSDCC/python/inst/MPVRP_055_s26_d6_p1.dat,SOLVED,TIME_LIMIT,1049.880460,/home/rosas/Documents/IFRI/LRSIA/MPVRPSDCC/python/sol/Sol_055_s26_d6_p1.dat,
056,MPVRP_056_s12_d4_p2.dat,/home/rosas/Documents/IFRI/LRSIA/MPVRPSDCC/python/inst/MPVRP_056_s12_d4_p2.dat,SOLVED,TIME_LIMIT,1097.094952,/home/rosas/Documents/IFRI/LRSIA/MPVRPSDCC/python/sol/Sol_056_s12_d4_p2.dat,
057,MPVRP_057_s14_d7_p4.dat,/home/rosas/Documents/IFRI/LRSIA/MPVRPSDCC/python/inst/MPVRP_057_s14_d7_p4.dat,SOLVED,TIME_LIMIT,78201.151659,/home/rosas/Documents/IFRI/LRSIA/MPVRPSDCC/python/sol/Sol_057_s14_d7_p4.dat,
058,MPVRP_058_s10_d3_p6.dat,/home/rosas/Documents/IFRI/LRSIA/MPVRPSDCC/python/inst/MPVRP_058_s10_d3_p6.dat,SOLVED,TIME_LIMIT,20163.349130,/home/rosas/Documents/IFRI/LRSIA/MPVRPSDCC/python/sol/Sol_058_s10_d3_p6.dat,
059,MPVRP_059_s11_d3_p1.dat,/home/rosas/Documents/IFRI/LRSIA/MPVRPSDCC/python/inst/MPVRP_059_s11_d3_p1.dat,SOLVED,TIME_LIMIT,1246.638735,/home/rosas/Documents/IFRI/LRSIA/MPVRPSDCC/python/sol/Sol_059_s11_d3_p1.dat,
060,MPVRP_060_s21_d4_p5.dat,/home/rosas/Documents/IFRI/LRSIA/MPVRPSDCC/python/inst/MPVRP_060_s21_d4_p5.dat,SOLVED,TIME_LIMIT,4981.295941,/home/rosas/Documents/IFRI/LRSIA/MPVRPSDCC/python/sol/Sol_060_s21_d4_p5.dat,
061,MPVRP_061_s25_d8_p1.dat,/home/rosas/Documents/IFRI/LRSIA/MPVRPSDCC/python/inst/MPVRP_061_s25_d8_p1.dat,SOLVED,TIME_LIMIT,5878.828080,/home/rosas/Documents/IFRI/LRSIA/MPVRPSDCC/python/sol/Sol_061_s25_d8_p1.dat,
062,MPVRP_062_s23_d8_p2.dat,/home/rosas/Documents/IFRI/LRSIA/MPVRPSDCC/python/inst/MPVRP_062_s23_d8_p2.dat,SOLVED,TIME_LIMIT,4978.439902,/home/rosas/Documents/IFRI/LRSIA/MPVRPSDCC/python/sol/Sol_062_s23_d8_p2.dat,
063,MPVRP_063_s23_d5_p4.dat,/home/rosas/Documents/IFRI/LRSIA/MPVRPSDCC/python/inst/MPVRP_063_s23_d5_p4.dat,SOLVED,TIME_LIMIT,10616.782891,/home/rosas/Documents/IFRI/LRSIA/MPVRPSDCC/python/sol/Sol_063_s23_d5_p4.dat,
064,MPVRP_064_s18_d2_p1.dat,/home/rosas/Documents/IFRI/LRSIA/MPVRPSDCC/python/inst/MPVRP_064_s18_d2_p1.dat,SOLVED,TIME_LIMIT,683.538900,/home/rosas/Documents/IFRI/LRSIA/MPVRPSDCC/python/sol/Sol_064_s18_d2_p1.dat,
065,MPVRP_065_s15_d8_p5.dat,/home/rosas/Documents/IFRI/LRSIA/MPVRPSDCC/python/inst/MPVRP_065_s15_d8_p5.dat,SOLVED,TIME_LIMIT,118859.261250,/home/rosas/Documents/IFRI/LRSIA/MPVRPSDCC/python/sol/Sol_065_s15_d8_p5.dat,
066,MPVRP_066_s7_d4_p2.dat,/home/rosas/Documents/IFRI/LRSIA/MPVRPSDCC/python/inst/MPVRP_066_s7_d4_p2.dat,SOLVED,TIME_LIMIT,1154.106303,/home/rosas/Documents/IFRI/LRSIA/MPVRPSDCC/python/sol/Sol_066_s7_d4_p2.dat,
067,MPVRP_067_s31_d5_p1.dat,/home/rosas/Documents/IFRI/LRSIA/MPVRPSDCC/python/inst/MPVRP_067_s31_d5_p1.dat,SOLVED,TIME_LIMIT,895.470572,/home/rosas/Documents/IFRI/LRSIA/MPVRPSDCC/python/sol/Sol_067_s31_d5_p1.dat,
068,MPVRP_068_s16_d3_p3.dat,/home/rosas/Documents/IFRI/LRSIA/MPVRPSDCC/python/inst/MPVRP_068_s16_d3_p3.dat,SOLVED,TIME_LIMIT,10969.722682,/home/rosas/Documents/IFRI/LRSIA/MPVRPSDCC/python/sol/Sol_068_s16_d3_p3.dat,
069,MPVRP_069_s36_d7_p4.dat,/home/rosas/Documents/IFRI/LRSIA/MPVRPSDCC/python/inst/MPVRP_069_s36_d7_p4.dat,SOLVED,TIME_LIMIT,45728.513696,/home/rosas/Documents/IFRI/LRSIA/MPVRPSDCC/python/sol/Sol_069_s36_d7_p4.dat,
070,MPVRP_070_s28_d7_p2.dat,/home/rosas/Documents/IFRI/LRSIA/MPVRPSDCC/python/inst/MPVRP_070_s28_d7_p2.dat,SOLVED,TIME_LIMIT,1268.196410,/home/rosas/Documents/IFRI/LRSIA/MPVRPSDCC/python/sol/Sol_070_s28_d7_p2.dat,
071,MPVRP_071_s42_d8_p3.dat,/home/rosas/Documents/IFRI/LRSIA/MPVRPSDCC/python/inst/MPVRP_071_s42_d8_p3.dat,SOLVED,TIME_LIMIT,30248.978186,/home/rosas/Documents/IFRI/LRSIA/MPVRPSDCC/python/sol/Sol_071_s42_d8_p3.dat,
072,MPVRP_072_s17_d2_p1.dat,/home/rosas/Documents/IFRI/LRSIA/MPVRPSDCC/python/inst/MPVRP_072_s17_d2_p1.dat,SOLVED,OPTIMAL,372.288208,/home/rosas/Documents/IFRI/LRSIA/MPVRPSDCC/python/sol/Sol_072_s17_d2_p1.dat,
073,MPVRP_073_s11_d8_p2.dat,/home/rosas/Documents/IFRI/LRSIA/MPVRPSDCC/python/inst/MPVRP_073_s11_d8_p2.dat,SOLVED,OPTIMAL,1030.163598,/home/rosas/Documents/IFRI/LRSIA/MPVRPSDCC/python/sol/Sol_073_s11_d8_p2.dat,
074,MPVRP_074_s19_d3_p3.dat,/home/rosas/Documents/IFRI/LRSIA/MPVRPSDCC/python/inst/MPVRP_074_s19_d3_p3.dat,SOLVED,TIME_LIMIT,6601.726255,/home/rosas/Documents/IFRI/LRSIA/MPVRPSDCC/python/sol/Sol_074_s19_d3_p3.dat,
075,MPVRP_075_s14_d3_p5.dat,/home/rosas/Documents/IFRI/LRSIA/MPVRPSDCC/python/inst/MPVRP_075_s14_d3_p5.dat,SOLVED,TIME_LIMIT,5518.636128,/home/rosas/Documents/IFRI/LRSIA/MPVRPSDCC/python/sol/Sol_075_s14_d3_p5.dat,
076,MPVRP_076_s14_d2_p6.dat,/home/rosas/Documents/IFRI/LRSIA/MPVRPSDCC/python/inst/MPVRP_076_s14_d2_p6.dat,SOLVED,TIME_LIMIT,19120.205243,/home/rosas/Documents/IFRI/LRSIA/MPVRPSDCC/python/sol/Sol_076_s14_d2_p6.dat,
077,MPVRP_077_s19_d5_p4.dat,/home/rosas/Documents/IFRI/LRSIA/MPVRPSDCC/python/inst/MPVRP_077_s19_d5_p4.dat,SOLVED,TIME_LIMIT,6581.760131,/home/rosas/Documents/IFRI/LRSIA/MPVRPSDCC/python/sol/Sol_077_s19_d5_p4.dat,
078,MPVRP_078_s48_d4_p3.dat,/home/rosas/Documents/IFRI/LRSIA/MPVRPSDCC/python/inst/MPVRP_078_s48_d4_p3.dat,UNSOLVED,,,,No incumbent solution within 190 seconds or model infeasible.
079,MPVRP_079_s5_d6_p2.dat,/home/rosas/Documents/IFRI/LRSIA/MPVRPSDCC/python/inst/MPVRP_079_s5_d6_p2.dat,UNSOLVED,,,,No incumbent solution within 190 seconds or model infeasible.
080,MPVRP_080_s44_d8_p1.dat,/home/rosas/Documents/IFRI/LRSIA/MPVRPSDCC/python/inst/MPVRP_080_s44_d8_p1.dat,SOLVED,TIME_LIMIT,2056.497871,/home/rosas/Documents/IFRI/LRSIA/MPVRPSDCC/python/sol/Sol_080_s44_d8_p1.dat,
081,MPVRP_081_s8_d1_p4.dat,/home/rosas/Documents/IFRI/LRSIA/MPVRPSDCC/python/inst/MPVRP_081_s8_d1_p4.dat,SOLVED,TIME_LIMIT,3074.767578,/home/rosas/Documents/IFRI/LRSIA/MPVRPSDCC/python/sol/Sol_081_s8_d1_p4.dat,
082,MPVRP_082_s42_d1_p4.dat,/home/rosas/Documents/IFRI/LRSIA/MPVRPSDCC/python/inst/MPVRP_082_s42_d1_p4.dat,SOLVED,TIME_LIMIT,4994.862200,/home/rosas/Documents/IFRI/LRSIA/MPVRPSDCC/python/sol/Sol_082_s42_d1_p4.dat,
083,MPVRP_083_s9_d1_p3.dat,/home/rosas/Documents/IFRI/LRSIA/MPVRPSDCC/python/inst/MPVRP_083_s9_d1_p3.dat,SOLVED,TIME_LIMIT,3967.955322,/home/rosas/Documents/IFRI/LRSIA/MPVRPSDCC/python/sol/Sol_083_s9_d1_p3.dat,
084,MPVRP_084_s19_d5_p1.dat,/home/rosas/Documents/IFRI/LRSIA/MPVRPSDCC/python/inst/MPVRP_084_s19_d5_p1.dat,SOLVED,TIME_LIMIT,396.966158,/home/rosas/Documents/IFRI/LRSIA/MPVRPSDCC/python/sol/Sol_084_s19_d5_p1.dat,
085,MPVRP_085_s43_d5_p2.dat,/home/rosas/Documents/IFRI/LRSIA/MPVRPSDCC/python/inst/MPVRP_085_s43_d5_p2.dat,UNSOLVED,,,,No incumbent solution within 190 seconds or model infeasible.
086,MPVRP_086_s33_d2_p2.dat,/home/rosas/Documents/IFRI/LRSIA/MPVRPSDCC/python/inst/MPVRP_086_s33_d2_p2.dat,SOLVED,TIME_LIMIT,14805.255248,/home/rosas/Documents/IFRI/LRSIA/MPVRPSDCC/python/sol/Sol_086_s33_d2_p2.dat,
087,MPVRP_087_s42_d3_p2.dat,/home/rosas/Documents/IFRI/LRSIA/MPVRPSDCC/python/inst/MPVRP_087_s42_d3_p2.dat,UNSOLVED,,,,No incumbent solution within 190 seconds or model infeasible.
088,MPVRP_088_s17_d2_p3.dat,/home/rosas/Documents/IFRI/LRSIA/MPVRPSDCC/python/inst/MPVRP_088_s17_d2_p3.dat,SOLVED,TIME_LIMIT,1630.428502,/home/rosas/Documents/IFRI/LRSIA/MPVRPSDCC/python/sol/Sol_088_s17_d2_p3.dat,
089,MPVRP_089_s3_d6_p6.dat,/home/rosas/Documents/IFRI/LRSIA/MPVRPSDCC/python/inst/MPVRP_089_s3_d6_p6.dat,UNSOLVED,,,,No incumbent solution within 190 seconds or model infeasible.
090,MPVRP_090_s37_d7_p1.dat,/home/rosas/Documents/IFRI/LRSIA/MPVRPSDCC/python/inst/MPVRP_090_s37_d7_p1.dat,SOLVED,TIME_LIMIT,665.098930,/home/rosas/Documents/IFRI/LRSIA/MPVRPSDCC/python/sol/Sol_090_s37_d7_p1.dat,
091,MPVRP_091_s32_d7_p4.dat,/home/rosas/Documents/IFRI/LRSIA/MPVRPSDCC/python/inst/MPVRP_091_s32_d7_p4.dat,SOLVED,TIME_LIMIT,62391.511003,/home/rosas/Documents/IFRI/LRSIA/MPVRPSDCC/python/sol/Sol_091_s32_d7_p4.dat,
092,MPVRP_092_s8_d8_p1.dat,/home/rosas/Documents/IFRI/LRSIA/MPVRPSDCC/python/inst/MPVRP_092_s8_d8_p1.dat,SOLVED,OPTIMAL,325.790003,/home/rosas/Documents/IFRI/LRSIA/MPVRPSDCC/python/sol/Sol_092_s8_d8_p1.dat,
093,MPVRP_093_s32_d3_p1.dat,/home/rosas/Documents/IFRI/LRSIA/MPVRPSDCC/python/inst/MPVRP_093_s32_d3_p1.dat,SOLVED,TIME_LIMIT,905.617439,/home/rosas/Documents/IFRI/LRSIA/MPVRPSDCC/python/sol/Sol_093_s32_d3_p1.dat,
094,MPVRP_094_s34_d6_p5.dat,/home/rosas/Documents/IFRI/LRSIA/MPVRPSDCC/python/inst/MPVRP_094_s34_d6_p5.dat,SOLVED,TIME_LIMIT,22060.300718,/home/rosas/Documents/IFRI/LRSIA/MPVRPSDCC/python/sol/Sol_094_s34_d6_p5.dat,
095,MPVRP_095_s5_d5_p5.dat,/home/rosas/Documents/IFRI/LRSIA/MPVRPSDCC/python/inst/MPVRP_095_s5_d5_p5.dat,SOLVED,TIME_LIMIT,3107.553793,/home/rosas/Documents/IFRI/LRSIA/MPVRPSDCC/python/sol/Sol_095_s5_d5_p5.dat,
096,MPVRP_096_s33_d4_p3.dat,/home/rosas/Documents/IFRI/LRSIA/MPVRPSDCC/python/inst/MPVRP_096_s33_d4_p3.dat,SOLVED,TIME_LIMIT,9896.457761,/home/rosas/Documents/IFRI/LRSIA/MPVRPSDCC/python/sol/Sol_096_s33_d4_p3.dat,
097,MPVRP_097_s20_d8_p3.dat,/home/rosas/Documents/IFRI/LRSIA/MPVRPSDCC/python/inst/MPVRP_097_s20_d8_p3.dat,SOLVED,TIME_LIMIT,2620.643338,/home/rosas/Documents/IFRI/LRSIA/MPVRPSDCC/python/sol/Sol_097_s20_d8_p3.dat,
098,MPVRP_098_s16_d2_p1.dat,/home/rosas/Documents/IFRI/LRSIA/MPVRPSDCC/python/inst/MPVRP_098_s16_d2_p1.dat,SOLVED,OPTIMAL,669.497725,/home/rosas/Documents/IFRI/LRSIA/MPVRPSDCC/python/sol/Sol_098_s16_d2_p1.dat,
099,MPVRP_099_s32_d6_p6.dat,/home/rosas/Documents/IFRI/LRSIA/MPVRPSDCC/python/inst/MPVRP_099_s32_d6_p6.dat,UNSOLVED,,,,No incumbent solution within 190 seconds or model infeasible.
100,MPVRP_100_s6_d8_p3.dat,/home/rosas/Documents/IFRI/LRSIA/MPVRPSDCC/python/inst/MPVRP_100_s6_d8_p3.dat,SOLVED,TIME_LIMIT,4941.130930,/home/rosas/Documents/IFRI/LRSIA/MPVRPSDCC/python/sol/Sol_100_s6_d8_p3.dat,
101,MPVRP_101_s20_d2_p5.dat,/home/rosas/Documents/IFRI/LRSIA/MPVRPSDCC/python/inst/MPVRP_101_s20_d2_p5.dat,SOLVED,TIME_LIMIT,25972.285881,/home/rosas/Documents/IFRI/LRSIA/MPVRPSDCC/python/sol/Sol_101_s20_d2_p5.dat,
102,MPVRP_102_s32_d8_p5.dat,/home/rosas/Documents/IFRI/LRSIA/MPVRPSDCC/python/inst/MPVRP_102_s32_d8_p5.dat,UNSOLVED,,,,No incumbent solution within 190 seconds or model infeasible.
103,MPVRP_103_s12_d8_p4.dat,/home/rosas/Documents/IFRI/LRSIA/MPVRPSDCC/python/inst/MPVRP_103_s12_d8_p4.dat,SOLVED,TIME_LIMIT,9286.253745,/home/rosas/Documents/IFRI/LRSIA/MPVRPSDCC/python/sol/Sol_103_s12_d8_p4.dat,
104,MPVRP_104_s40_d5_p6.dat,/home/rosas/Documents/IFRI/LRSIA/MPVRPSDCC/python/inst/MPVRP_104_s40_d5_p6.dat,UNSOLVED,,,,No incumbent solution within 190 seconds or model infeasible.
105,MPVRP_105_s33_d2_p3.dat,/home/rosas/Documents/IFRI/LRSIA/MPVRPSDCC/python/inst/MPVRP_105_s33_d2_p3.dat,SOLVED,TIME_LIMIT,38584.058812,/home/rosas/Documents/IFRI/LRSIA/MPVRPSDCC/python/sol/Sol_105_s33_d2_p3.dat,
106,MPVRP_106_s36_d6_p6.dat,/home/rosas/Documents/IFRI/LRSIA/MPVRPSDCC/python/inst/MPVRP_106_s36_d6_p6.dat,UNSOLVED,,,,No incumbent solution within 190 seconds or model infeasible.
107,MPVRP_107_s17_d2_p1.dat,/home/rosas/Documents/IFRI/LRSIA/MPVRPSDCC/python/inst/MPVRP_107_s17_d2_p1.dat,SOLVED,TIME_LIMIT,495.482083,/home/rosas/Documents/IFRI/LRSIA/MPVRPSDCC/python/sol/Sol_107_s17_d2_p1.dat,
108,MPVRP_108_s41_d6_p2.dat,/home/rosas/Documents/IFRI/LRSIA/MPVRPSDCC/python/inst/MPVRP_108_s41_d6_p2.dat,SOLVED,TIME_LIMIT,1373.909492,/home/rosas/Documents/IFRI/LRSIA/MPVRPSDCC/python/sol/Sol_108_s41_d6_p2.dat,
109,MPVRP_109_s30_d5_p6.dat,/home/rosas/Documents/IFRI/LRSIA/MPVRPSDCC/python/inst/MPVRP_109_s30_d5_p6.dat,SOLVED,TIME_LIMIT,28694.387810,/home/rosas/Documents/IFRI/LRSIA/MPVRPSDCC/python/sol/Sol_109_s30_d5_p6.dat,
110,MPVRP_110_s46_d7_p5.dat,/home/rosas/Documents/IFRI/LRSIA/MPVRPSDCC/python/inst/MPVRP_110_s46_d7_p5.dat,UNSOLVED,,,,No incumbent solution within 190 seconds or model infeasible.
111,MPVRP_111_s5_d4_p2.dat,/home/rosas/Documents/IFRI/LRSIA/MPVRPSDCC/python/inst/MPVRP_111_s5_d4_p2.dat,SOLVED,OPTIMAL,1691.146950,/home/rosas/Documents/IFRI/LRSIA/MPVRPSDCC/python/sol/Sol_111_s5_d4_p2.dat,
112,MPVRP_112_s29_d7_p6.dat,/home/rosas/Documents/IFRI/LRSIA/MPVRPSDCC/python/inst/MPVRP_112_s29_d7_p6.dat,UNSOLVED,,,,No incumbent solution within 190 seconds or model infeasible.
113,MPVRP_113_s16_d5_p1.dat,/home/rosas/Documents/IFRI/LRSIA/MPVRPSDCC/python/inst/MPVRP_113_s16_d5_p1.dat,SOLVED,TIME_LIMIT,2338.337626,/home/rosas/Documents/IFRI/LRSIA/MPVRPSDCC/python/sol/Sol_113_s16_d5_p1.dat,
114,MPVRP_114_s4_d6_p1.dat,/home/rosas/Documents/IFRI/LRSIA/MPVRPSDCC/python/inst/MPVRP_114_s4_d6_p1.dat,SOLVED,OPTIMAL,326.577752,/home/rosas/Documents/IFRI/LRSIA/MPVRPSDCC/python/sol/Sol_114_s4_d6_p1.dat,
115,MPVRP_115_s30_d8_p1.dat,/home/rosas/Documents/IFRI/LRSIA/MPVRPSDCC/python/inst/MPVRP_115_s30_d8_p1.dat,SOLVED,TIME_LIMIT,4161.002642,/home/rosas/Documents/IFRI/LRSIA/MPVRPSDCC/python/sol/Sol_115_s30_d8_p1.dat,
116,MPVRP_116_s31_d8_p2.dat,/home/rosas/Documents/IFRI/LRSIA/MPVRPSDCC/python/inst/MPVRP_116_s31_d8_p2.dat,SOLVED,TIME_LIMIT,38071.657622,/home/rosas/Documents/IFRI/LRSIA/MPVRPSDCC/python/sol/Sol_116_s31_d8_p2.dat,
117,MPVRP_117_s4_d1_p2.dat,/home/rosas/Documents/IFRI/LRSIA/MPVRPSDCC/python/inst/MPVRP_117_s4_d1_p2.dat,SOLVED,OPTIMAL,4627.379209,/home/rosas/Documents/IFRI/LRSIA/MPVRPSDCC/python/sol/Sol_117_s4_d1_p2.dat,
118,MPVRP_118_s4_d5_p6.dat,/home/rosas/Documents/IFRI/LRSIA/MPVRPSDCC/python/inst/MPVRP_118_s4_d5_p6.dat,SOLVED,TIME_LIMIT,74750.477517,/home/rosas/Documents/IFRI/LRSIA/MPVRPSDCC/python/sol/Sol_118_s4_d5_p6.dat,
119,MPVRP_119_s36_d1_p2.dat,/home/rosas/Documents/IFRI/LRSIA/MPVRPSDCC/python/inst/MPVRP_119_s36_d1_p2.dat,SOLVED,TIME_LIMIT,18262.579258,/home/rosas/Documents/IFRI/LRSIA/MPVRPSDCC/python/sol/Sol_119_s36_d1_p2.dat,
120,MPVRP_120_s43_d2_p6.dat,/home/rosas/Documents/IFRI/LRSIA/MPVRPSDCC/python/inst/MPVRP_120_s43_d2_p6.dat,UNSOLVED,,,,No incumbent solution within 190 seconds or model infeasible.
121,MPVRP_121_s14_d7_p4.dat,/home/rosas/Documents/IFRI/LRSIA/MPVRPSDCC/python/inst/MPVRP_121_s14_d7_p4.dat,SOLVED,TIME_LIMIT,5705.699336,/home/rosas/Documents/IFRI/LRSIA/MPVRPSDCC/python/sol/Sol_121_s14_d7_p4.dat,
122,MPVRP_122_s39_d5_p2.dat,/home/rosas/Documents/IFRI/LRSIA/MPVRPSDCC/python/inst/MPVRP_122_s39_d5_p2.dat,SOLVED,TIME_LIMIT,3429.474092,/home/rosas/Documents/IFRI/LRSIA/MPVRPSDCC/python/sol/Sol_122_s39_d5_p2.dat,
123,MPVRP_123_s50_d4_p2.dat,/home/rosas/Documents/IFRI/LRSIA/MPVRPSDCC/python/inst/MPVRP_123_s50_d4_p2.dat,SOLVED,TIME_LIMIT,5172.766421,/home/rosas/Documents/IFRI/LRSIA/MPVRPSDCC/python/sol/Sol_123_s50_d4_p2.dat,
124,MPVRP_124_s42_d8_p4.dat,/home/rosas/Documents/IFRI/LRSIA/MPVRPSDCC/python/inst/MPVRP_124_s42_d8_p4.dat,UNSOLVED,,,,No incumbent solution within 190 seconds or model infeasible.
125,MPVRP_125_s32_d8_p1.dat,/home/rosas/Documents/IFRI/LRSIA/MPVRPSDCC/python/inst/MPVRP_125_s32_d8_p1.dat,UNSOLVED,,,,No incumbent solution within 190 seconds or model infeasible.
126,MPVRP_126_s48_d8_p6.dat,/home/rosas/Documents/IFRI/LRSIA/MPVRPSDCC/python/inst/MPVRP_126_s48_d8_p6.dat,UNSOLVED,,,,No incumbent solution within 190 seconds or model infeasible.
127,MPVRP_127_s4_d2_p1.dat,/home/rosas/Documents/IFRI/LRSIA/MPVRPSDCC/python/inst/MPVRP_127_s4_d2_p1.dat,SOLVED,OPTIMAL,258.261355,/home/rosas/Documents/IFRI/LRSIA/MPVRPSDCC/python/sol/Sol_127_s4_d2_p1.dat,
128,MPVRP_128_s28_d7_p6.dat,/home/rosas/Documents/IFRI/LRSIA/MPVRPSDCC/python/inst/MPVRP_128_s28_d7_p6.dat,UNSOLVED,,,,No incumbent solution within 190 seconds or model infeasible.
129,MPVRP_129_s49_d7_p3.dat,/home/rosas/Documents/IFRI/LRSIA/MPVRPSDCC/python/inst/MPVRP_129_s49_d7_p3.dat,SOLVED,TIME_LIMIT,26322.982226,/home/rosas/Documents/IFRI/LRSIA/MPVRPSDCC/python/sol/Sol_129_s49_d7_p3.dat,
130,MPVRP_130_s16_d7_p5.dat,/home/rosas/Documents/IFRI/LRSIA/MPVRPSDCC/python/inst/MPVRP_130_s16_d7_p5.dat,SOLVED,TIME_LIMIT,46041.552243,/home/rosas/Documents/IFRI/LRSIA/MPVRPSDCC/python/sol/Sol_130_s16_d7_p5.dat,
131,MPVRP_131_s28_d3_p4.dat,/home/rosas/Documents/IFRI/LRSIA/MPVRPSDCC/python/inst/MPVRP_131_s28_d3_p4.dat,UNSOLVED,,,,No incumbent solution within 190 seconds or model infeasible.
132,MPVRP_132_s37_d8_p6.dat,/home/rosas/Documents/IFRI/LRSIA/MPVRPSDCC/python/inst/MPVRP_132_s37_d8_p6.dat,UNSOLVED,,,,No incumbent solution within 190 seconds or model infeasible.
133,MPVRP_133_s35_d4_p2.dat,/home/rosas/Documents/IFRI/LRSIA/MPVRPSDCC/python/inst/MPVRP_133_s35_d4_p2.dat,SOLVED,TIME_LIMIT,3984.175900,/home/rosas/Documents/IFRI/LRSIA/MPVRPSDCC/python/sol/Sol_133_s35_d4_p2.dat,
134,MPVRP_134_s11_d3_p2.dat,/home/rosas/Documents/IFRI/LRSIA/MPVRPSDCC/python/inst/MPVRP_134_s11_d3_p2.dat,SOLVED,TIME_LIMIT,1435.403765,/home/rosas/Documents/IFRI/LRSIA/MPVRPSDCC/python/sol/Sol_134_s11_d3_p2.dat,
135,MPVRP_135_s48_d8_p3.dat,/home/rosas/Documents/IFRI/LRSIA/MPVRPSDCC/python/inst/MPVRP_135_s48_d8_p3.dat,SOLVED,TIME_LIMIT,11063.473915,/home/rosas/Documents/IFRI/LRSIA/MPVRPSDCC/python/sol/Sol_135_s48_d8_p3.dat,
136,MPVRP_136_s15_d1_p6.dat,/home/rosas/Documents/IFRI/LRSIA/MPVRPSDCC/python/inst/MPVRP_136_s15_d1_p6.dat,SOLVED,TIME_LIMIT,30741.172181,/home/rosas/Documents/IFRI/LRSIA/MPVRPSDCC/python/sol/Sol_136_s15_d1_p6.dat,
137,MPVRP_137_s30_d2_p4.dat,/home/rosas/Documents/IFRI/LRSIA/MPVRPSDCC/python/inst/MPVRP_137_s30_d2_p4.dat,SOLVED,TIME_LIMIT,14560.473135,/home/rosas/Documents/IFRI/LRSIA/MPVRPSDCC/python/sol/Sol_137_s30_d2_p4.dat,
138,MPVRP_138_s49_d8_p1.dat,/home/rosas/Documents/IFRI/LRSIA/MPVRPSDCC/python/inst/MPVRP_138_s49_d8_p1.dat,SOLVED,TIME_LIMIT,763.390403,/home/rosas/Documents/IFRI/LRSIA/MPVRPSDCC/python/sol/Sol_138_s49_d8_p1.dat,
139,MPVRP_139_s38_d1_p4.dat,/home/rosas/Documents/IFRI/LRSIA/MPVRPSDCC/python/inst/MPVRP_139_s38_d1_p4.dat,SOLVED,TIME_LIMIT,29769.523556,/home/rosas/Documents/IFRI/LRSIA/MPVRPSDCC/python/sol/Sol_139_s38_d1_p4.dat,
140,MPVRP_140_s42_d2_p3.dat,/home/rosas/Documents/IFRI/LRSIA/MPVRPSDCC/python/inst/MPVRP_140_s42_d2_p3.dat,SOLVED,TIME_LIMIT,14098.036399,/home/rosas/Documents/IFRI/LRSIA/MPVRPSDCC/python/sol/Sol_140_s42_d2_p3.dat,
141,MPVRP_141_s33_d6_p4.dat,/home/rosas/Documents/IFRI/LRSIA/MPVRPSDCC/python/inst/MPVRP_141_s33_d6_p4.dat,SOLVED,TIME_LIMIT,14152.399280,/home/rosas/Documents/IFRI/LRSIA/MPVRPSDCC/python/sol/Sol_141_s33_d6_p4.dat,
142,MPVRP_142_s19_d2_p6.dat,/home/rosas/Documents/IFRI/LRSIA/MPVRPSDCC/python/inst/MPVRP_142_s19_d2_p6.dat,SOLVED,TIME_LIMIT,14654.271131,/home/rosas/Documents/IFRI/LRSIA/MPVRPSDCC/python/sol/Sol_142_s19_d2_p6.dat,
143,MPVRP_143_s46_d8_p2.dat,/home/rosas/Documents/IFRI/LRSIA/MPVRPSDCC/python/inst/MPVRP_143_s46_d8_p2.dat,SOLVED,TIME_LIMIT,3313.116186,/home/rosas/Documents/IFRI/LRSIA/MPVRPSDCC/python/sol/Sol_143_s46_d8_p2.dat,
144,MPVRP_144_s25_d5_p1.dat,/home/rosas/Documents/IFRI/LRSIA/MPVRPSDCC/python/inst/MPVRP_144_s25_d5_p1.dat,SOLVED,TIME_LIMIT,504.073046,/home/rosas/Documents/IFRI/LRSIA/MPVRPSDCC/python/sol/Sol_144_s25_d5_p1.dat,
145,MPVRP_145_s36_d7_p5.dat,/home/rosas/Documents/IFRI/LRSIA/MPVRPSDCC/python/inst/MPVRP_145_s36_d7_p5.dat,SOLVED,TIME_LIMIT,23362.003570,/home/rosas/Documents/IFRI/LRSIA/MPVRPSDCC/python/sol/Sol_145_s36_d7_p5.dat,
146,MPVRP_146_s12_d1_p1.dat,/home/rosas/Documents/IFRI/LRSIA/MPVRPSDCC/python/inst/MPVRP_146_s12_d1_p1.dat,SOLVED,TIME_LIMIT,1837.530587,/home/rosas/Documents/IFRI/LRSIA/MPVRPSDCC/python/sol/Sol_146_s12_d1_p1.dat,
147,MPVRP_147_s8_d2_p1.dat,/home/rosas/Documents/IFRI/LRSIA/MPVRPSDCC/python/inst/MPVRP_147_s8_d2_p1.dat,SOLVED,OPTIMAL,247.215619,/home/rosas/Documents/IFRI/LRSIA/MPVRPSDCC/python/sol/Sol_147_s8_d2_p1.dat,
148,MPVRP_148_s19_d4_p4.dat,/home/rosas/Documents/IFRI/LRSIA/MPVRPSDCC/python/inst/MPVRP_148_s19_d4_p4.dat,SOLVED,TIME_LIMIT,15549.082734,/home/rosas/Documents/IFRI/LRSIA/MPVRPSDCC/python/sol/Sol_148_s19_d4_p4.dat,
149,MPVRP_149_s3_d5_p1.dat,/home/rosas/Documents/IFRI/LRSIA/MPVRPSDCC/python/inst/MPVRP_149_s3_d5_p1.dat,SOLVED,OPTIMAL,429.712954,/home/rosas/Documents/IFRI/LRSIA/MPVRPSDCC/python/sol/Sol_149_s3_d5_p1.dat,
150,MPVRP_150_s40_d6_p6.dat,/home/rosas/Documents/IFRI/LRSIA/MPVRPSDCC/python/inst/MPVRP_150_s40_d6_p6.dat,UNSOLVED,,,,No incumbent solution within 190 seconds or model infeasible.
